[INFO] Scanning for projects...
Downloading from central: https://repo.maven.apache.org/maven2/org/cyclonedx/maven-metadata.xml
Downloading from central: https://repo.maven.apache.org/maven2/org/flywaydb/maven-metadata.xml
Downloading from central: https://repo.maven.apache.org/maven2/org/springframework/boot/maven-metadata.xml
Downloading from central: https://repo.maven.apache.org/maven2/io/github/git-commit-id/maven-metadata.xml
Progress (1): 243 BProgress (2): 243 B | 234 BProgress (3): 243 B | 234 B | 249 BProgress (4): 243 B | 234 B | 249 B | 255 B                                           Downloaded from central: https://repo.maven.apache.org/maven2/io/github/git-commit-id/maven-metadata.xml (255 B at 280 B/s)
Downloaded from central: https://repo.maven.apache.org/maven2/org/flywaydb/maven-metadata.xml (234 B at 257 B/s)
Downloaded from central: https://repo.maven.apache.org/maven2/org/springframework/boot/maven-metadata.xml (249 B at 273 B/s)
Downloaded from central: https://repo.maven.apache.org/maven2/org/cyclonedx/maven-metadata.xml (243 B at 266 B/s)
Downloading from central: https://repo.maven.apache.org/maven2/org/jooq/maven-metadata.xml
Downloading from central: https://repo.maven.apache.org/maven2/org/jetbrains/kotlin/maven-metadata.xml
Downloading from central: https://repo.maven.apache.org/maven2/org/liquibase/maven-metadata.xml
Downloading from central: https://repo.maven.apache.org/maven2/org/graalvm/buildtools/maven-metadata.xml
Progress (1): 375 BProgress (2): 375 B | 242 BProgress (3): 375 B | 242 B | 398 B                                   Downloaded from central: https://repo.maven.apache.org/maven2/org/jetbrains/kotlin/maven-metadata.xml (375 B at 2.8 kB/s)
Downloaded from central: https://repo.maven.apache.org/maven2/org/graalvm/buildtools/maven-metadata.xml (242 B at 1.8 kB/s)
Downloaded from central: https://repo.maven.apache.org/maven2/org/jooq/maven-metadata.xml (398 B at 2.9 kB/s)
Progress (1): 394 B                   Downloaded from central: https://repo.maven.apache.org/maven2/org/liquibase/maven-metadata.xml (394 B at 2.6 kB/s)
[INFO] 
[INFO] --------------------< com.clinicmanagement:backend >--------------------
[INFO] Building clinic-management-backend 0.0.1-SNAPSHOT
[INFO]   from pom.xml
[INFO] --------------------------------[ jar ]---------------------------------
[INFO] 
[INFO] >>> spring-boot:3.5.6:run (default-cli) > test-compile @ backend >>>
[INFO] 
[INFO] --- resources:3.3.1:resources (default-resources) @ backend ---
[INFO] Copying 1 resource from src\main\resources to target\classes
[INFO] Copying 0 resource from src\main\resources to target\classes
[INFO] 
[INFO] --- compiler:3.14.0:compile (default-compile) @ backend ---
[INFO] Nothing to compile - all classes are up to date.
[INFO] 
[INFO] --- resources:3.3.1:testResources (default-testResources) @ backend ---
[INFO] Copying 1 resource from src\test\resources to target\test-classes
[INFO] 
[INFO] --- compiler:3.14.0:testCompile (default-testCompile) @ backend ---
[INFO] Recompiling the module because of changed source code.
[INFO] Compiling 4 source files with javac [debug parameters release 21] to target\test-classes
[INFO] 
[INFO] <<< spring-boot:3.5.6:run (default-cli) < test-compile @ backend <<<
[INFO] 
[INFO] 
[INFO] --- spring-boot:3.5.6:run (default-cli) @ backend ---
[INFO] Attaching agents: []
Standard Commons Logging discovery in action with spring-jcl: please remove commons-logging.jar from classpath in order to avoid potential conflicts

  .   ____          _            __ _ _
 /\\ / ___'_ __ _ _(_)_ __  __ _ \ \ \ \
( ( )\___ | '_ | '_| | '_ \/ _` | \ \ \ \
 \\/  ___)| |_)| | | | | || (_| |  ) ) ) )
  '  |____| .__|_| |_|_| |_\__, | / / / /
 =========|_|==============|___/=/_/_/_/

 :: Spring Boot ::                (v3.5.6)

2026-07-13T13:50:09.433+07:00  INFO 24988 --- [clinic-management-backend] [           main] c.c.ClinicManagementBackendApplication   : Starting ClinicManagementBackendApplication using Java 25.0.1 with PID 24988 (D:\FPT Materials\SWP391\clinic-management-system\backend\target\classes started by Admin in D:\FPT Materials\SWP391\clinic-management-system\backend)
2026-07-13T13:50:09.437+07:00  INFO 24988 --- [clinic-management-backend] [           main] c.c.ClinicManagementBackendApplication   : No active profile set, falling back to 1 default profile: "default"
2026-07-13T13:50:09.438+07:00 DEBUG 24988 --- [clinic-management-backend] [           main] o.s.boot.SpringApplication               : Loading source class com.clinicmanagement.ClinicManagementBackendApplication
2026-07-13T13:50:09.499+07:00 DEBUG 24988 --- [clinic-management-backend] [           main] ConfigServletWebServerApplicationContext : Refreshing org.springframework.boot.web.servlet.context.AnnotationConfigServletWebServerApplicationContext@436c81a3
2026-07-13T13:50:10.566+07:00  INFO 24988 --- [clinic-management-backend] [           main] .s.d.r.c.RepositoryConfigurationDelegate : Bootstrapping Spring Data JPA repositories in DEFAULT mode.
2026-07-13T13:50:10.589+07:00 DEBUG 24988 --- [clinic-management-backend] [           main] o.s.b.a.AutoConfigurationPackages        : @EnableAutoConfiguration was declared on a class in the package 'com.clinicmanagement'. Automatic @Repository and @Entity scanning is enabled.
2026-07-13T13:50:10.827+07:00  INFO 24988 --- [clinic-management-backend] [           main] .s.d.r.c.RepositoryConfigurationDelegate : Finished Spring Data repository scanning in 250 ms. Found 38 JPA repository interfaces.
2026-07-13T13:50:11.795+07:00 DEBUG 24988 --- [clinic-management-backend] [           main] .s.b.w.e.t.TomcatServletWebServerFactory : Code archive: C:\Users\Admin\.m2\repository\org\springframework\boot\spring-boot\3.5.6\spring-boot-3.5.6.jar
2026-07-13T13:50:11.795+07:00 DEBUG 24988 --- [clinic-management-backend] [           main] .s.b.w.e.t.TomcatServletWebServerFactory : Code archive: C:\Users\Admin\.m2\repository\org\springframework\boot\spring-boot\3.5.6\spring-boot-3.5.6.jar
2026-07-13T13:50:11.796+07:00 DEBUG 24988 --- [clinic-management-backend] [           main] .s.b.w.e.t.TomcatServletWebServerFactory : None of the document roots [src/main/webapp, public, static] point to a directory and will be ignored.
2026-07-13T13:50:11.831+07:00  INFO 24988 --- [clinic-management-backend] [           main] o.s.b.w.embedded.tomcat.TomcatWebServer  : Tomcat initialized with port 8080 (http)
2026-07-13T13:50:11.854+07:00  INFO 24988 --- [clinic-management-backend] [           main] o.apache.catalina.core.StandardService   : Starting service [Tomcat]
2026-07-13T13:50:11.854+07:00  INFO 24988 --- [clinic-management-backend] [           main] o.apache.catalina.core.StandardEngine    : Starting Servlet engine: [Apache Tomcat/10.1.46]
2026-07-13T13:50:11.948+07:00  INFO 24988 --- [clinic-management-backend] [           main] o.a.c.c.C.[Tomcat].[localhost].[/api]    : Initializing Spring embedded WebApplicationContext
2026-07-13T13:50:11.949+07:00 DEBUG 24988 --- [clinic-management-backend] [           main] w.s.c.ServletWebServerApplicationContext : Published root WebApplicationContext as ServletContext attribute with name [org.springframework.web.context.WebApplicationContext.ROOT]
2026-07-13T13:50:11.949+07:00  INFO 24988 --- [clinic-management-backend] [           main] w.s.c.ServletWebServerApplicationContext : Root WebApplicationContext: initialization completed in 2450 ms
Standard Commons Logging discovery in action with spring-jcl: please remove commons-logging.jar from classpath in order to avoid potential conflicts
2026-07-13T13:50:12.163+07:00  INFO 24988 --- [clinic-management-backend] [           main] o.hibernate.jpa.internal.util.LogHelper  : HHH000204: Processing PersistenceUnitInfo [name: default]
2026-07-13T13:50:12.263+07:00  INFO 24988 --- [clinic-management-backend] [           main] org.hibernate.Version                    : HHH000412: Hibernate ORM core version 6.6.29.Final
2026-07-13T13:50:12.319+07:00  INFO 24988 --- [clinic-management-backend] [           main] o.h.c.internal.RegionFactoryInitiator    : HHH000026: Second-level cache disabled
2026-07-13T13:50:12.742+07:00  INFO 24988 --- [clinic-management-backend] [           main] o.s.o.j.p.SpringPersistenceUnitInfo      : No LoadTimeWeaver setup: ignoring JPA class transformer
2026-07-13T13:50:12.789+07:00  INFO 24988 --- [clinic-management-backend] [           main] com.zaxxer.hikari.HikariDataSource       : HikariPool-1 - Starting...
2026-07-13T13:50:13.073+07:00  INFO 24988 --- [clinic-management-backend] [           main] com.zaxxer.hikari.pool.HikariPool        : HikariPool-1 - Added connection org.postgresql.jdbc.PgConnection@6fc0e448
2026-07-13T13:50:13.076+07:00  INFO 24988 --- [clinic-management-backend] [           main] com.zaxxer.hikari.HikariDataSource       : HikariPool-1 - Start completed.
2026-07-13T13:50:13.177+07:00  INFO 24988 --- [clinic-management-backend] [           main] org.hibernate.orm.connections.pooling    : HHH10001005: Database info:
	Database JDBC URL [Connecting through datasource 'HikariDataSource (HikariPool-1)']
	Database driver: undefined/unknown
	Database version: 18.4
	Autocommit mode: undefined/unknown
	Isolation level: undefined/unknown
	Minimum pool size: undefined/unknown
	Maximum pool size: undefined/unknown
2026-07-13T13:50:15.613+07:00  INFO 24988 --- [clinic-management-backend] [           main] o.h.e.t.j.p.i.JtaPlatformInitiator       : HHH000489: No JTA platform available (set 'hibernate.transaction.jta.platform' to enable JTA platform integration)
2026-07-13T13:50:15.716+07:00 DEBUG 24988 --- [clinic-management-backend] [           main] org.hibernate.SQL                        : 
    alter table if exists doctors 
       alter column consultation_fee set data type NUMERIC(10,2)
2026-07-13T13:50:19.056+07:00  INFO 24988 --- [clinic-management-backend] [           main] j.LocalContainerEntityManagerFactoryBean : Initialized JPA EntityManagerFactory for persistence unit 'default'
2026-07-13T13:50:19.340+07:00  INFO 24988 --- [clinic-management-backend] [           main] o.s.d.j.r.query.QueryEnhancerFactory     : Hibernate is in classpath; If applicable, HQL parser will be used.
2026-07-13T13:50:20.277+07:00 DEBUG 24988 --- [clinic-management-backend] [           main] o.s.b.w.s.ServletContextInitializerBeans : Mapping filters: springSecurityFilterChain urls=[/*] order=-100, characterEncodingFilter urls=[/*] order=-2147483648, formContentFilter urls=[/*] order=-9900, requestContextFilter urls=[/*] order=-105, jwtAuthenticationFilter urls=[/*] order=2147483647
2026-07-13T13:50:20.279+07:00 DEBUG 24988 --- [clinic-management-backend] [           main] o.s.b.w.s.ServletContextInitializerBeans : Mapping servlets: dispatcherServlet urls=[/]
2026-07-13T13:50:20.314+07:00 DEBUG 24988 --- [clinic-management-backend] [           main] o.s.b.w.s.f.OrderedRequestContextFilter  : Filter 'requestContextFilter' configured for use
2026-07-13T13:50:20.316+07:00 DEBUG 24988 --- [clinic-management-backend] [           main] s.b.w.s.f.OrderedCharacterEncodingFilter : Filter 'characterEncodingFilter' configured for use
2026-07-13T13:50:20.316+07:00 DEBUG 24988 --- [clinic-management-backend] [           main] .DelegatingFilterProxyRegistrationBean$1 : Filter 'springSecurityFilterChain' configured for use
2026-07-13T13:50:20.317+07:00 DEBUG 24988 --- [clinic-management-backend] [           main] o.s.b.w.s.f.OrderedFormContentFilter     : Filter 'formContentFilter' configured for use
2026-07-13T13:50:27.059+07:00  INFO 24988 --- [clinic-management-backend] [           main] eAuthenticationProviderManagerConfigurer : Global AuthenticationManager configured with AuthenticationProvider bean with name authenticationProvider
2026-07-13T13:50:27.060+07:00  WARN 24988 --- [clinic-management-backend] [           main] r$InitializeUserDetailsManagerConfigurer : Global AuthenticationManager configured with an AuthenticationProvider bean. UserDetailsService beans will not be used by Spring Security for automatically configuring username/password login. Consider removing the AuthenticationProvider bean. Alternatively, consider using the UserDetailsService in a manually instantiated DaoAuthenticationProvider. If the current configuration is intentional, to turn off this warning, increase the logging level of 'org.springframework.security.config.annotation.authentication.configuration.InitializeUserDetailsBeanManagerConfigurer' to ERROR
2026-07-13T13:50:28.760+07:00 DEBUG 24988 --- [clinic-management-backend] [           main] o.s.w.s.s.s.WebSocketHandlerMapping      : Patterns [/ws-queue/**] in 'stompWebSocketHandlerMapping'
2026-07-13T13:50:28.869+07:00 DEBUG 24988 --- [clinic-management-backend] [           main] .WebSocketAnnotationMethodMessageHandler : 
	c.c.a.AiChatController:
	
2026-07-13T13:50:28.870+07:00 DEBUG 24988 --- [clinic-management-backend] [           main] .WebSocketAnnotationMethodMessageHandler : 
	c.c.a.AppointmentController:
	
2026-07-13T13:50:28.870+07:00 DEBUG 24988 --- [clinic-management-backend] [           main] .WebSocketAnnotationMethodMessageHandler : 
	c.c.a.DoctorScheduleController:
	
2026-07-13T13:50:28.871+07:00 DEBUG 24988 --- [clinic-management-backend] [           main] .WebSocketAnnotationMethodMessageHandler : 
	c.c.a.PatientQueueController:
	
2026-07-13T13:50:28.871+07:00 DEBUG 24988 --- [clinic-management-backend] [           main] .WebSocketAnnotationMethodMessageHandler : 
	c.c.a.QueueController:
	
2026-07-13T13:50:28.871+07:00 DEBUG 24988 --- [clinic-management-backend] [           main] .WebSocketAnnotationMethodMessageHandler : 
	c.c.a.QueueTicketController:
	
2026-07-13T13:50:28.873+07:00 DEBUG 24988 --- [clinic-management-backend] [           main] .WebSocketAnnotationMethodMessageHandler : 
	c.c.a.WalkInAppointmentController:
	
2026-07-13T13:50:28.875+07:00 DEBUG 24988 --- [clinic-management-backend] [           main] .WebSocketAnnotationMethodMessageHandler : 
	c.c.a.ArticleController:
	
2026-07-13T13:50:28.875+07:00 DEBUG 24988 --- [clinic-management-backend] [           main] .WebSocketAnnotationMethodMessageHandler : 
	c.c.a.AuditLogController:
	
2026-07-13T13:50:28.875+07:00 DEBUG 24988 --- [clinic-management-backend] [           main] .WebSocketAnnotationMethodMessageHandler : 
	c.c.a.AuthController:
	
2026-07-13T13:50:28.876+07:00 DEBUG 24988 --- [clinic-management-backend] [           main] .WebSocketAnnotationMethodMessageHandler : 
	c.c.c.ConsultationController:
	
2026-07-13T13:50:28.877+07:00 DEBUG 24988 --- [clinic-management-backend] [           main] .WebSocketAnnotationMethodMessageHandler : 
	c.c.d.DepartmentController:
	
2026-07-13T13:50:28.877+07:00 DEBUG 24988 --- [clinic-management-backend] [           main] .WebSocketAnnotationMethodMessageHandler : 
	c.c.d.AdminDoctorLeaveRequestController:
	
2026-07-13T13:50:28.877+07:00 DEBUG 24988 --- [clinic-management-backend] [           main] .WebSocketAnnotationMethodMessageHandler : 
	c.c.d.DoctorLeaveRequestController:
	
2026-07-13T13:50:28.878+07:00 DEBUG 24988 --- [clinic-management-backend] [           main] .WebSocketAnnotationMethodMessageHandler : 
	c.c.d.DoctorController:
	
2026-07-13T13:50:28.878+07:00 DEBUG 24988 --- [clinic-management-backend] [           main] .WebSocketAnnotationMethodMessageHandler : 
	c.c.i.InventoryController:
	
2026-07-13T13:50:28.879+07:00 DEBUG 24988 --- [clinic-management-backend] [           main] .WebSocketAnnotationMethodMessageHandler : 
	c.c.i.SupplierController:
	
2026-07-13T13:50:28.880+07:00 DEBUG 24988 --- [clinic-management-backend] [           main] .WebSocketAnnotationMethodMessageHandler : 
	c.c.i.InvoiceController:
	
2026-07-13T13:50:28.880+07:00 DEBUG 24988 --- [clinic-management-backend] [           main] .WebSocketAnnotationMethodMessageHandler : 
	c.c.l.LabRequestController:
	
2026-07-13T13:50:28.881+07:00 DEBUG 24988 --- [clinic-management-backend] [           main] .WebSocketAnnotationMethodMessageHandler : 
	c.c.l.LabResultController:
	
2026-07-13T13:50:28.882+07:00 DEBUG 24988 --- [clinic-management-backend] [           main] .WebSocketAnnotationMethodMessageHandler : 
	c.c.l.LabTestController:
	
2026-07-13T13:50:28.882+07:00 DEBUG 24988 --- [clinic-management-backend] [           main] .WebSocketAnnotationMethodMessageHandler : 
	c.c.m.MedicalRecordController:
	
2026-07-13T13:50:28.883+07:00 DEBUG 24988 --- [clinic-management-backend] [           main] .WebSocketAnnotationMethodMessageHandler : 
	c.c.m.MedicalServiceController:
	
2026-07-13T13:50:28.883+07:00 DEBUG 24988 --- [clinic-management-backend] [           main] .WebSocketAnnotationMethodMessageHandler : 
	c.c.m.MedicineController:
	
2026-07-13T13:50:28.883+07:00 DEBUG 24988 --- [clinic-management-backend] [           main] .WebSocketAnnotationMethodMessageHandler : 
	c.c.n.NotificationController:
	
2026-07-13T13:50:28.884+07:00 DEBUG 24988 --- [clinic-management-backend] [           main] .WebSocketAnnotationMethodMessageHandler : 
	c.c.p.PatientController:
	
2026-07-13T13:50:28.884+07:00 DEBUG 24988 --- [clinic-management-backend] [           main] .WebSocketAnnotationMethodMessageHandler : 
	c.c.p.PaymentController:
	
2026-07-13T13:50:28.885+07:00 DEBUG 24988 --- [clinic-management-backend] [           main] .WebSocketAnnotationMethodMessageHandler : 
	c.c.p.RefundController:
	
2026-07-13T13:50:28.886+07:00 DEBUG 24988 --- [clinic-management-backend] [           main] .WebSocketAnnotationMethodMessageHandler : 
	c.c.p.PermissionController:
	
2026-07-13T13:50:28.886+07:00 DEBUG 24988 --- [clinic-management-backend] [           main] .WebSocketAnnotationMethodMessageHandler : 
	c.c.p.PrescriptionController:
	
2026-07-13T13:50:28.886+07:00 DEBUG 24988 --- [clinic-management-backend] [           main] .WebSocketAnnotationMethodMessageHandler : 
	c.c.r.ReportController:
	
2026-07-13T13:50:28.887+07:00 DEBUG 24988 --- [clinic-management-backend] [           main] .WebSocketAnnotationMethodMessageHandler : 
	c.c.r.ReviewController:
	
2026-07-13T13:50:28.888+07:00 DEBUG 24988 --- [clinic-management-backend] [           main] .WebSocketAnnotationMethodMessageHandler : 
	c.c.r.RoleController:
	
2026-07-13T13:50:28.888+07:00 DEBUG 24988 --- [clinic-management-backend] [           main] .WebSocketAnnotationMethodMessageHandler : 
	c.c.s.SystemSettingController:
	
2026-07-13T13:50:28.888+07:00 DEBUG 24988 --- [clinic-management-backend] [           main] .WebSocketAnnotationMethodMessageHandler : 
	c.c.u.AvatarFileController:
	
2026-07-13T13:50:28.889+07:00 DEBUG 24988 --- [clinic-management-backend] [           main] .WebSocketAnnotationMethodMessageHandler : 
	c.c.u.UserController:
	
2026-07-13T13:50:28.889+07:00 DEBUG 24988 --- [clinic-management-backend] [           main] .WebSocketAnnotationMethodMessageHandler : 
	c.c.v.VitalSignController:
	
2026-07-13T13:50:28.893+07:00 DEBUG 24988 --- [clinic-management-backend] [           main] .WebSocketAnnotationMethodMessageHandler : 
	o.s.b.a.w.s.e.BasicErrorController:
	
2026-07-13T13:50:29.134+07:00 DEBUG 24988 --- [clinic-management-backend] [           main] s.w.s.m.m.a.RequestMappingHandlerMapping : 206 mappings in 'requestMappingHandlerMapping'
2026-07-13T13:50:29.207+07:00 DEBUG 24988 --- [clinic-management-backend] [           main] o.s.w.s.handler.SimpleUrlHandlerMapping  : Patterns [/webjars/**, /**] in 'resourceHandlerMapping'
2026-07-13T13:50:29.484+07:00 DEBUG 24988 --- [clinic-management-backend] [           main] s.w.s.m.m.a.RequestMappingHandlerAdapter : ControllerAdvice beans: 0 @ModelAttribute, 0 @InitBinder, 1 RequestBodyAdvice, 1 ResponseBodyAdvice
2026-07-13T13:50:29.554+07:00 DEBUG 24988 --- [clinic-management-backend] [           main] .m.m.a.ExceptionHandlerExceptionResolver : ControllerAdvice beans: 1 @ExceptionHandler, 1 ResponseBodyAdvice
2026-07-13T13:50:29.803+07:00 DEBUG 24988 --- [clinic-management-backend] [           main] org.springframework.web.SimpLogging      : clientOutboundChannel added SubProtocolWebSocketHandler[StompSubProtocolHandler[v10.stomp, v11.stomp, v12.stomp]]
2026-07-13T13:50:29.805+07:00 DEBUG 24988 --- [clinic-management-backend] [           main] org.springframework.web.SimpLogging      : clientInboundChannel added WebSocketAnnotationMethodMessageHandler[prefixes=[/app/]]
2026-07-13T13:50:29.805+07:00  INFO 24988 --- [clinic-management-backend] [           main] o.s.m.s.b.SimpleBrokerMessageHandler     : Starting...
2026-07-13T13:50:29.805+07:00 DEBUG 24988 --- [clinic-management-backend] [           main] org.springframework.web.SimpLogging      : clientInboundChannel added SimpleBrokerMessageHandler [org.springframework.messaging.simp.broker.DefaultSubscriptionRegistry@5332dee5]
2026-07-13T13:50:29.806+07:00 DEBUG 24988 --- [clinic-management-backend] [           main] org.springframework.web.SimpLogging      : brokerChannel added SimpleBrokerMessageHandler [org.springframework.messaging.simp.broker.DefaultSubscriptionRegistry@5332dee5]
2026-07-13T13:50:29.807+07:00  INFO 24988 --- [clinic-management-backend] [           main] o.s.m.s.b.SimpleBrokerMessageHandler     : BrokerAvailabilityEvent[available=true, SimpleBrokerMessageHandler [org.springframework.messaging.simp.broker.DefaultSubscriptionRegistry@5332dee5]]
2026-07-13T13:50:29.808+07:00  INFO 24988 --- [clinic-management-backend] [           main] o.s.m.s.b.SimpleBrokerMessageHandler     : Started.
2026-07-13T13:50:29.809+07:00 DEBUG 24988 --- [clinic-management-backend] [           main] org.springframework.web.SimpLogging      : clientInboundChannel added UserDestinationMessageHandler[DefaultUserDestinationResolver[prefix=/user/]]
2026-07-13T13:50:29.809+07:00 DEBUG 24988 --- [clinic-management-backend] [           main] org.springframework.web.SimpLogging      : brokerChannel added UserDestinationMessageHandler[DefaultUserDestinationResolver[prefix=/user/]]
2026-07-13T13:50:29.836+07:00  INFO 24988 --- [clinic-management-backend] [           main] o.s.b.w.embedded.tomcat.TomcatWebServer  : Tomcat started on port 8080 (http) with context path '/api'
2026-07-13T13:50:29.851+07:00 DEBUG 24988 --- [clinic-management-backend] [           main] .s.b.a.l.ConditionEvaluationReportLogger : 


============================
CONDITIONS EVALUATION REPORT
============================


Positive matches:
-----------------

   AopAutoConfiguration matched:
      - @ConditionalOnBooleanProperty (spring.aop.auto=true) matched (OnPropertyCondition)

   AopAutoConfiguration.AspectJAutoProxyingConfiguration matched:
      - @ConditionalOnClass found required class 'org.aspectj.weaver.Advice' (OnClassCondition)

   AopAutoConfiguration.AspectJAutoProxyingConfiguration.CglibAutoProxyConfiguration matched:
      - @ConditionalOnBooleanProperty (spring.aop.proxy-target-class=true) matched (OnPropertyCondition)

   ApplicationAvailabilityAutoConfiguration#applicationAvailability matched:
      - @ConditionalOnMissingBean (types: org.springframework.boot.availability.ApplicationAvailability; SearchStrategy: all) did not find any beans (OnBeanCondition)

   DataSourceAutoConfiguration matched:
      - @ConditionalOnClass found required classes 'javax.sql.DataSource', 'org.springframework.jdbc.datasource.embedded.EmbeddedDatabaseType' (OnClassCondition)
      - @ConditionalOnMissingBean (types: ?; SearchStrategy: all) did not find any beans (OnBeanCondition)

   DataSourceAutoConfiguration.PooledDataSourceConfiguration matched:
      - AnyNestedCondition 1 matched 1 did not; NestedCondition on DataSourceAutoConfiguration.PooledDataSourceCondition.PooledDataSourceAvailable PooledDataSource found supported DataSource; NestedCondition on DataSourceAutoConfiguration.PooledDataSourceCondition.ExplicitType @ConditionalOnProperty (spring.datasource.type) did not find property 'spring.datasource.type' (DataSourceAutoConfiguration.PooledDataSourceCondition)
      - @ConditionalOnMissingBean (types: javax.sql.DataSource,javax.sql.XADataSource; SearchStrategy: all) did not find any beans (OnBeanCondition)

   DataSourceAutoConfiguration.PooledDataSourceConfiguration#jdbcConnectionDetails matched:
      - @ConditionalOnMissingBean (types: org.springframework.boot.autoconfigure.jdbc.JdbcConnectionDetails; SearchStrategy: all) did not find any beans (OnBeanCondition)

   DataSourceConfiguration.Hikari matched:
      - @ConditionalOnClass found required class 'com.zaxxer.hikari.HikariDataSource' (OnClassCondition)
      - @ConditionalOnProperty (spring.datasource.type=com.zaxxer.hikari.HikariDataSource) matched (OnPropertyCondition)
      - @ConditionalOnMissingBean (types: javax.sql.DataSource; SearchStrategy: all) did not find any beans (OnBeanCondition)

   DataSourceInitializationConfiguration matched:
      - @ConditionalOnClass found required class 'org.springframework.jdbc.datasource.init.DatabasePopulator' (OnClassCondition)
      - @ConditionalOnSingleCandidate (types: javax.sql.DataSource; SearchStrategy: all) found a single bean 'dataSource'; @ConditionalOnMissingBean (types: org.springframework.boot.autoconfigure.sql.init.SqlDataSourceScriptDatabaseInitializer,org.springframework.boot.autoconfigure.sql.init.SqlR2dbcScriptDatabaseInitializer; SearchStrategy: all) did not find any beans (OnBeanCondition)

   DataSourcePoolMetadataProvidersConfiguration.HikariPoolDataSourceMetadataProviderConfiguration matched:
      - @ConditionalOnClass found required class 'com.zaxxer.hikari.HikariDataSource' (OnClassCondition)

   DataSourceTransactionManagerAutoConfiguration matched:
      - @ConditionalOnClass found required classes 'javax.sql.DataSource', 'org.springframework.jdbc.core.JdbcTemplate', 'org.springframework.transaction.TransactionManager' (OnClassCondition)

   DataSourceTransactionManagerAutoConfiguration.JdbcTransactionManagerConfiguration matched:
      - @ConditionalOnSingleCandidate (types: javax.sql.DataSource; SearchStrategy: all) found a single bean 'dataSource' (OnBeanCondition)

   DispatcherServletAutoConfiguration matched:
      - @ConditionalOnClass found required class 'org.springframework.web.servlet.DispatcherServlet' (OnClassCondition)
      - found 'session' scope (OnWebApplicationCondition)

   DispatcherServletAutoConfiguration.DispatcherServletConfiguration matched:
      - @ConditionalOnClass found required class 'jakarta.servlet.ServletRegistration' (OnClassCondition)
      - Default DispatcherServlet did not find dispatcher servlet beans (DispatcherServletAutoConfiguration.DefaultDispatcherServletCondition)

   DispatcherServletAutoConfiguration.DispatcherServletRegistrationConfiguration matched:
      - @ConditionalOnClass found required class 'jakarta.servlet.ServletRegistration' (OnClassCondition)
      - DispatcherServlet Registration did not find servlet registration bean (DispatcherServletAutoConfiguration.DispatcherServletRegistrationCondition)

   DispatcherServletAutoConfiguration.DispatcherServletRegistrationConfiguration#dispatcherServletRegistration matched:
      - @ConditionalOnBean (names: dispatcherServlet types: org.springframework.web.servlet.DispatcherServlet; SearchStrategy: all) found bean 'dispatcherServlet' (OnBeanCondition)

   EmbeddedWebServerFactoryCustomizerAutoConfiguration matched:
      - @ConditionalOnWebApplication (required) found 'session' scope (OnWebApplicationCondition)
      - @ConditionalOnWarDeployment the application is not deployed as a WAR file. (OnWarDeploymentCondition)

   EmbeddedWebServerFactoryCustomizerAutoConfiguration.TomcatWebServerFactoryCustomizerConfiguration matched:
      - @ConditionalOnClass found required classes 'org.apache.catalina.startup.Tomcat', 'org.apache.coyote.UpgradeProtocol' (OnClassCondition)

   ErrorMvcAutoConfiguration matched:
      - @ConditionalOnClass found required classes 'jakarta.servlet.Servlet', 'org.springframework.web.servlet.DispatcherServlet' (OnClassCondition)
      - found 'session' scope (OnWebApplicationCondition)

   ErrorMvcAutoConfiguration#basicErrorController matched:
      - @ConditionalOnMissingBean (types: org.springframework.boot.web.servlet.error.ErrorController; SearchStrategy: current) did not find any beans (OnBeanCondition)

   ErrorMvcAutoConfiguration#errorAttributes matched:
      - @ConditionalOnMissingBean (types: org.springframework.boot.web.servlet.error.ErrorAttributes; SearchStrategy: current) did not find any beans (OnBeanCondition)

   ErrorMvcAutoConfiguration.DefaultErrorViewResolverConfiguration#conventionErrorViewResolver matched:
      - @ConditionalOnBean (types: org.springframework.web.servlet.DispatcherServlet; SearchStrategy: all) found bean 'dispatcherServlet'; @ConditionalOnMissingBean (types: org.springframework.boot.autoconfigure.web.servlet.error.ErrorViewResolver; SearchStrategy: all) did not find any beans (OnBeanCondition)

   ErrorMvcAutoConfiguration.WhitelabelErrorViewConfiguration matched:
      - @ConditionalOnBooleanProperty (server.error.whitelabel.enabled=true) matched (OnPropertyCondition)
      - ErrorTemplate Missing did not find error template view (ErrorMvcAutoConfiguration.ErrorTemplateMissingCondition)

   ErrorMvcAutoConfiguration.WhitelabelErrorViewConfiguration#beanNameViewResolver matched:
      - @ConditionalOnMissingBean (types: org.springframework.web.servlet.view.BeanNameViewResolver; SearchStrategy: all) did not find any beans (OnBeanCondition)

   ErrorMvcAutoConfiguration.WhitelabelErrorViewConfiguration#defaultErrorView matched:
      - @ConditionalOnMissingBean (names: error; SearchStrategy: all) did not find any beans (OnBeanCondition)

   GenericCacheConfiguration matched:
      - Cache org.springframework.boot.autoconfigure.cache.GenericCacheConfiguration automatic cache type (CacheCondition)

   GsonAutoConfiguration matched:
      - @ConditionalOnClass found required class 'com.google.gson.Gson' (OnClassCondition)

   GsonAutoConfiguration#gson matched:
      - @ConditionalOnMissingBean (types: com.google.gson.Gson; SearchStrategy: all) did not find any beans (OnBeanCondition)

   GsonAutoConfiguration#gsonBuilder matched:
      - @ConditionalOnMissingBean (types: com.google.gson.GsonBuilder; SearchStrategy: all) did not find any beans (OnBeanCondition)

   GsonHttpMessageConvertersConfiguration matched:
      - @ConditionalOnClass found required class 'com.google.gson.Gson' (OnClassCondition)

   HibernateJpaAutoConfiguration matched:
      - @ConditionalOnClass found required classes 'org.springframework.orm.jpa.LocalContainerEntityManagerFactoryBean', 'jakarta.persistence.EntityManager', 'org.hibernate.engine.spi.SessionImplementor' (OnClassCondition)

   HibernateJpaConfiguration matched:
      - @ConditionalOnSingleCandidate (types: javax.sql.DataSource; SearchStrategy: all) found a single bean 'dataSource' (OnBeanCondition)

   HttpClientAutoConfiguration matched:
      - @ConditionalOnClass found required class 'org.springframework.http.client.ClientHttpRequestFactory' (OnClassCondition)
      - NoneNestedConditions 0 matched 1 did not; NestedCondition on NotReactiveWebApplicationCondition.ReactiveWebApplication did not find reactive web application classes (NotReactiveWebApplicationCondition)

   HttpClientAutoConfiguration#clientHttpRequestFactoryBuilder matched:
      - @ConditionalOnMissingBean (types: org.springframework.boot.http.client.ClientHttpRequestFactoryBuilder<?>; SearchStrategy: all) did not find any beans (OnBeanCondition)

   HttpClientAutoConfiguration#clientHttpRequestFactorySettings matched:
      - @ConditionalOnMissingBean (types: org.springframework.boot.http.client.ClientHttpRequestFactorySettings; SearchStrategy: all) did not find any beans (OnBeanCondition)

   HttpEncodingAutoConfiguration matched:
      - @ConditionalOnClass found required class 'org.springframework.web.filter.CharacterEncodingFilter' (OnClassCondition)
      - found 'session' scope (OnWebApplicationCondition)
      - @ConditionalOnBooleanProperty (server.servlet.encoding.enabled=true) matched (OnPropertyCondition)

   HttpEncodingAutoConfiguration#characterEncodingFilter matched:
      - @ConditionalOnMissingBean (types: org.springframework.web.filter.CharacterEncodingFilter; SearchStrategy: all) did not find any beans (OnBeanCondition)

   HttpMessageConvertersAutoConfiguration matched:
      - @ConditionalOnClass found required class 'org.springframework.http.converter.HttpMessageConverter' (OnClassCondition)
      - NoneNestedConditions 0 matched 1 did not; NestedCondition on HttpMessageConvertersAutoConfiguration.NotReactiveWebApplicationCondition.ReactiveWebApplication did not find reactive web application classes (HttpMessageConvertersAutoConfiguration.NotReactiveWebApplicationCondition)

   HttpMessageConvertersAutoConfiguration#messageConverters matched:
      - @ConditionalOnMissingBean (types: org.springframework.boot.autoconfigure.http.HttpMessageConverters; SearchStrategy: all) did not find any beans (OnBeanCondition)

   HttpMessageConvertersAutoConfiguration.StringHttpMessageConverterConfiguration matched:
      - @ConditionalOnClass found required class 'org.springframework.http.converter.StringHttpMessageConverter' (OnClassCondition)

   HttpMessageConvertersAutoConfiguration.StringHttpMessageConverterConfiguration#stringHttpMessageConverter matched:
      - @ConditionalOnMissingBean (types: org.springframework.http.converter.StringHttpMessageConverter; SearchStrategy: all) did not find any beans (OnBeanCondition)

   JacksonAutoConfiguration matched:
      - @ConditionalOnClass found required class 'com.fasterxml.jackson.databind.ObjectMapper' (OnClassCondition)

   JacksonAutoConfiguration.Jackson2ObjectMapperBuilderCustomizerConfiguration matched:
      - @ConditionalOnClass found required class 'org.springframework.http.converter.json.Jackson2ObjectMapperBuilder' (OnClassCondition)

   JacksonAutoConfiguration.JacksonObjectMapperBuilderConfiguration matched:
      - @ConditionalOnClass found required class 'org.springframework.http.converter.json.Jackson2ObjectMapperBuilder' (OnClassCondition)

   JacksonAutoConfiguration.JacksonObjectMapperBuilderConfiguration#jacksonObjectMapperBuilder matched:
      - @ConditionalOnMissingBean (types: org.springframework.http.converter.json.Jackson2ObjectMapperBuilder; SearchStrategy: all) did not find any beans (OnBeanCondition)

   JacksonAutoConfiguration.JacksonObjectMapperConfiguration matched:
      - @ConditionalOnClass found required class 'org.springframework.http.converter.json.Jackson2ObjectMapperBuilder' (OnClassCondition)

   JacksonAutoConfiguration.JacksonObjectMapperConfiguration#jacksonObjectMapper matched:
      - @ConditionalOnMissingBean (types: com.fasterxml.jackson.databind.ObjectMapper; SearchStrategy: all) did not find any beans (OnBeanCondition)

   JacksonAutoConfiguration.ParameterNamesModuleConfiguration matched:
      - @ConditionalOnClass found required class 'com.fasterxml.jackson.module.paramnames.ParameterNamesModule' (OnClassCondition)

   JacksonAutoConfiguration.ParameterNamesModuleConfiguration#parameterNamesModule matched:
      - @ConditionalOnMissingBean (types: com.fasterxml.jackson.module.paramnames.ParameterNamesModule; SearchStrategy: all) did not find any beans (OnBeanCondition)

   JacksonHttpMessageConvertersConfiguration.MappingJackson2HttpMessageConverterConfiguration matched:
      - @ConditionalOnClass found required class 'com.fasterxml.jackson.databind.ObjectMapper' (OnClassCondition)
      - @ConditionalOnPreferredJsonMapper JACKSON no property was configured and Jackson is the default (OnPreferredJsonMapperCondition)
      - @ConditionalOnBean (types: com.fasterxml.jackson.databind.ObjectMapper; SearchStrategy: all) found bean 'jacksonObjectMapper' (OnBeanCondition)

   JacksonHttpMessageConvertersConfiguration.MappingJackson2HttpMessageConverterConfiguration#mappingJackson2HttpMessageConverter matched:
      - @ConditionalOnMissingBean (types: org.springframework.http.converter.json.MappingJackson2HttpMessageConverter ignored: ?; SearchStrategy: all) did not find any beans (OnBeanCondition)

   JdbcClientAutoConfiguration matched:
      - @ConditionalOnSingleCandidate (types: org.springframework.jdbc.core.namedparam.NamedParameterJdbcTemplate; SearchStrategy: all) found a single bean 'namedParameterJdbcTemplate'; @ConditionalOnMissingBean (types: org.springframework.jdbc.core.simple.JdbcClient; SearchStrategy: all) did not find any beans (OnBeanCondition)

   JdbcTemplateAutoConfiguration matched:
      - @ConditionalOnClass found required classes 'javax.sql.DataSource', 'org.springframework.jdbc.core.JdbcTemplate' (OnClassCondition)
      - @ConditionalOnSingleCandidate (types: javax.sql.DataSource; SearchStrategy: all) found a single bean 'dataSource' (OnBeanCondition)

   JdbcTemplateConfiguration matched:
      - @ConditionalOnMissingBean (types: org.springframework.jdbc.core.JdbcOperations; SearchStrategy: all) did not find any beans (OnBeanCondition)

   JpaBaseConfiguration#entityManagerFactory matched:
      - @ConditionalOnMissingBean (types: org.springframework.orm.jpa.LocalContainerEntityManagerFactoryBean,jakarta.persistence.EntityManagerFactory; SearchStrategy: all) did not find any beans (OnBeanCondition)

   JpaBaseConfiguration#entityManagerFactoryBuilder matched:
      - @ConditionalOnMissingBean (types: org.springframework.boot.orm.jpa.EntityManagerFactoryBuilder; SearchStrategy: all) did not find any beans (OnBeanCondition)

   JpaBaseConfiguration#jpaVendorAdapter matched:
      - @ConditionalOnMissingBean (types: org.springframework.orm.jpa.JpaVendorAdapter; SearchStrategy: all) did not find any beans (OnBeanCondition)

   JpaBaseConfiguration#transactionManager matched:
      - @ConditionalOnMissingBean (types: org.springframework.transaction.TransactionManager; SearchStrategy: all) did not find any beans (OnBeanCondition)

   JpaBaseConfiguration.PersistenceManagedTypesConfiguration matched:
      - @ConditionalOnMissingBean (types: org.springframework.orm.jpa.LocalContainerEntityManagerFactoryBean,jakarta.persistence.EntityManagerFactory; SearchStrategy: all) did not find any beans (OnBeanCondition)

   JpaBaseConfiguration.PersistenceManagedTypesConfiguration#persistenceManagedTypes matched:
      - @ConditionalOnMissingBean (types: org.springframework.orm.jpa.persistenceunit.PersistenceManagedTypes; SearchStrategy: all) did not find any beans (OnBeanCondition)

   JpaRepositoriesAutoConfiguration matched:
      - @ConditionalOnClass found required class 'org.springframework.data.jpa.repository.JpaRepository' (OnClassCondition)
      - @ConditionalOnBooleanProperty (spring.data.jpa.repositories.enabled=true) matched (OnPropertyCondition)
      - @ConditionalOnBean (types: javax.sql.DataSource; SearchStrategy: all) found bean 'dataSource'; @ConditionalOnMissingBean (types: org.springframework.data.jpa.repository.support.JpaRepositoryFactoryBean,org.springframework.data.jpa.repository.config.JpaRepositoryConfigExtension; SearchStrategy: all) did not find any beans (OnBeanCondition)

   JtaAutoConfiguration matched:
      - @ConditionalOnClass found required class 'jakarta.transaction.Transaction' (OnClassCondition)
      - @ConditionalOnBooleanProperty (spring.jta.enabled=true) matched (OnPropertyCondition)

   LifecycleAutoConfiguration#defaultLifecycleProcessor matched:
      - @ConditionalOnMissingBean (names: lifecycleProcessor; SearchStrategy: current) did not find any beans (OnBeanCondition)

   MailSenderAutoConfiguration matched:
      - @ConditionalOnClass found required classes 'jakarta.mail.internet.MimeMessage', 'jakarta.activation.MimeType', 'org.springframework.mail.MailSender' (OnClassCondition)
      - AnyNestedCondition 1 matched 1 did not; NestedCondition on MailSenderAutoConfiguration.MailSenderCondition.JndiNameProperty @ConditionalOnProperty (spring.mail.jndi-name) did not find property 'spring.mail.jndi-name'; NestedCondition on MailSenderAutoConfiguration.MailSenderCondition.HostProperty @ConditionalOnProperty (spring.mail.host) matched (MailSenderAutoConfiguration.MailSenderCondition)
      - @ConditionalOnMissingBean (types: org.springframework.mail.MailSender; SearchStrategy: all) did not find any beans (OnBeanCondition)

   MailSenderPropertiesConfiguration matched:
      - @ConditionalOnProperty (spring.mail.host) matched (OnPropertyCondition)

   MailSenderPropertiesConfiguration#mailSender matched:
      - @ConditionalOnMissingBean (types: org.springframework.mail.javamail.JavaMailSender; SearchStrategy: all) did not find any beans (OnBeanCondition)

   MultipartAutoConfiguration matched:
      - @ConditionalOnClass found required classes 'jakarta.servlet.Servlet', 'org.springframework.web.multipart.support.StandardServletMultipartResolver', 'jakarta.servlet.MultipartConfigElement' (OnClassCondition)
      - found 'session' scope (OnWebApplicationCondition)
      - @ConditionalOnBooleanProperty (spring.servlet.multipart.enabled=true) matched (OnPropertyCondition)

   MultipartAutoConfiguration#multipartConfigElement matched:
      - @ConditionalOnMissingBean (types: jakarta.servlet.MultipartConfigElement; SearchStrategy: all) did not find any beans (OnBeanCondition)

   MultipartAutoConfiguration#multipartResolver matched:
      - @ConditionalOnMissingBean (types: org.springframework.web.multipart.MultipartResolver; SearchStrategy: all) did not find any beans (OnBeanCondition)

   NamedParameterJdbcTemplateConfiguration matched:
      - @ConditionalOnSingleCandidate (types: org.springframework.jdbc.core.JdbcTemplate; SearchStrategy: all) found a single bean 'jdbcTemplate'; @ConditionalOnMissingBean (types: org.springframework.jdbc.core.namedparam.NamedParameterJdbcOperations; SearchStrategy: all) did not find any beans (OnBeanCondition)

   NoOpCacheConfiguration matched:
      - Cache org.springframework.boot.autoconfigure.cache.NoOpCacheConfiguration automatic cache type (CacheCondition)

   PersistenceExceptionTranslationAutoConfiguration matched:
      - @ConditionalOnClass found required class 'org.springframework.dao.annotation.PersistenceExceptionTranslationPostProcessor' (OnClassCondition)

   PersistenceExceptionTranslationAutoConfiguration#persistenceExceptionTranslationPostProcessor matched:
      - @ConditionalOnBooleanProperty (spring.dao.exceptiontranslation.enabled=true) matched (OnPropertyCondition)
      - @ConditionalOnMissingBean (types: org.springframework.dao.annotation.PersistenceExceptionTranslationPostProcessor; SearchStrategy: all) did not find any beans (OnBeanCondition)

   PropertyPlaceholderAutoConfiguration#propertySourcesPlaceholderConfigurer matched:
      - @ConditionalOnMissingBean (types: org.springframework.context.support.PropertySourcesPlaceholderConfigurer; SearchStrategy: current) did not find any beans (OnBeanCondition)

   RestClientAutoConfiguration matched:
      - @ConditionalOnClass found required class 'org.springframework.web.client.RestClient' (OnClassCondition)
      - AnyNestedCondition 1 matched 1 did not; NestedCondition on NotReactiveWebApplicationOrVirtualThreadsExecutorEnabledCondition.VirtualThreadsExecutorEnabled found non-matching nested conditions @ConditionalOnThreading did not find VIRTUAL, @ConditionalOnBean (names: applicationTaskExecutor; SearchStrategy: all) did not find any beans named applicationTaskExecutor; NestedCondition on NotReactiveWebApplicationOrVirtualThreadsExecutorEnabledCondition.NotReactiveWebApplication NoneNestedConditions 0 matched 1 did not; NestedCondition on NotReactiveWebApplicationCondition.ReactiveWebApplication did not find reactive web application classes (NotReactiveWebApplicationOrVirtualThreadsExecutorEnabledCondition)

   RestClientAutoConfiguration#httpMessageConvertersRestClientCustomizer matched:
      - @ConditionalOnMissingBean (types: org.springframework.boot.autoconfigure.web.client.HttpMessageConvertersRestClientCustomizer; SearchStrategy: all) did not find any beans (OnBeanCondition)

   RestClientAutoConfiguration#restClientBuilder matched:
      - @ConditionalOnMissingBean (types: org.springframework.web.client.RestClient$Builder; SearchStrategy: all) did not find any beans (OnBeanCondition)

   RestClientAutoConfiguration#restClientBuilderConfigurer matched:
      - @ConditionalOnMissingBean (types: org.springframework.boot.autoconfigure.web.client.RestClientBuilderConfigurer; SearchStrategy: all) did not find any beans (OnBeanCondition)

   RestClientAutoConfiguration#restClientSsl matched:
      - @ConditionalOnBean (types: org.springframework.boot.ssl.SslBundles; SearchStrategy: all) found bean 'sslBundleRegistry'; @ConditionalOnMissingBean (types: org.springframework.boot.autoconfigure.web.client.RestClientSsl; SearchStrategy: all) did not find any beans (OnBeanCondition)

   RestTemplateAutoConfiguration matched:
      - @ConditionalOnClass found required class 'org.springframework.web.client.RestTemplate' (OnClassCondition)
      - NoneNestedConditions 0 matched 1 did not; NestedCondition on NotReactiveWebApplicationCondition.ReactiveWebApplication did not find reactive web application classes (NotReactiveWebApplicationCondition)

   RestTemplateAutoConfiguration#restTemplateBuilder matched:
      - @ConditionalOnMissingBean (types: org.springframework.boot.web.client.RestTemplateBuilder; SearchStrategy: all) did not find any beans (OnBeanCondition)

   SecurityAutoConfiguration matched:
      - @ConditionalOnClass found required class 'org.springframework.security.authentication.DefaultAuthenticationEventPublisher' (OnClassCondition)

   SecurityAutoConfiguration#authenticationEventPublisher matched:
      - @ConditionalOnMissingBean (types: org.springframework.security.authentication.AuthenticationEventPublisher; SearchStrategy: all) did not find any beans (OnBeanCondition)

   SecurityFilterAutoConfiguration matched:
      - @ConditionalOnClass found required classes 'org.springframework.security.web.context.AbstractSecurityWebApplicationInitializer', 'org.springframework.security.config.http.SessionCreationPolicy' (OnClassCondition)
      - found 'session' scope (OnWebApplicationCondition)

   SecurityFilterAutoConfiguration#securityFilterChainRegistration matched:
      - @ConditionalOnBean (names: springSecurityFilterChain; SearchStrategy: all) found bean 'springSecurityFilterChain' (OnBeanCondition)

   ServletWebServerFactoryAutoConfiguration matched:
      - @ConditionalOnClass found required class 'jakarta.servlet.ServletRequest' (OnClassCondition)
      - found 'session' scope (OnWebApplicationCondition)

   ServletWebServerFactoryAutoConfiguration#tomcatServletWebServerFactoryCustomizer matched:
      - @ConditionalOnClass found required class 'org.apache.catalina.startup.Tomcat' (OnClassCondition)

   ServletWebServerFactoryConfiguration.EmbeddedTomcat matched:
      - @ConditionalOnClass found required classes 'jakarta.servlet.Servlet', 'org.apache.catalina.startup.Tomcat', 'org.apache.coyote.UpgradeProtocol' (OnClassCondition)
      - @ConditionalOnMissingBean (types: org.springframework.boot.web.servlet.server.ServletWebServerFactory; SearchStrategy: current) did not find any beans (OnBeanCondition)

   SimpleCacheConfiguration matched:
      - Cache org.springframework.boot.autoconfigure.cache.SimpleCacheConfiguration automatic cache type (CacheCondition)

   SpringBootWebSecurityConfiguration matched:
      - found 'session' scope (OnWebApplicationCondition)

   SpringDataWebAutoConfiguration matched:
      - @ConditionalOnClass found required classes 'org.springframework.data.web.PageableHandlerMethodArgumentResolver', 'org.springframework.web.servlet.config.annotation.WebMvcConfigurer' (OnClassCondition)
      - found 'session' scope (OnWebApplicationCondition)
      - @ConditionalOnMissingBean (types: org.springframework.data.web.PageableHandlerMethodArgumentResolver; SearchStrategy: all) did not find any beans (OnBeanCondition)

   SpringDataWebAutoConfiguration#pageableCustomizer matched:
      - @ConditionalOnMissingBean (types: org.springframework.data.web.config.PageableHandlerMethodArgumentResolverCustomizer; SearchStrategy: all) did not find any beans (OnBeanCondition)

   SpringDataWebAutoConfiguration#sortCustomizer matched:
      - @ConditionalOnMissingBean (types: org.springframework.data.web.config.SortHandlerMethodArgumentResolverCustomizer; SearchStrategy: all) did not find any beans (OnBeanCondition)

   SpringDataWebAutoConfiguration#springDataWebSettings matched:
      - @ConditionalOnMissingBean (types: org.springframework.data.web.config.SpringDataWebSettings; SearchStrategy: all) did not find any beans (OnBeanCondition)

   SqlInitializationAutoConfiguration matched:
      - @ConditionalOnBooleanProperty (spring.sql.init.enabled=true) matched (OnPropertyCondition)
      - NoneNestedConditions 0 matched 1 did not; NestedCondition on SqlInitializationAutoConfiguration.SqlInitializationModeCondition.ModeIsNever @ConditionalOnProperty (spring.sql.init.mode=never) did not find property 'spring.sql.init.mode' (SqlInitializationAutoConfiguration.SqlInitializationModeCondition)

   SslAutoConfiguration#sslBundleRegistry matched:
      - @ConditionalOnMissingBean (types: org.springframework.boot.ssl.SslBundleRegistry,org.springframework.boot.ssl.SslBundles; SearchStrategy: all) did not find any beans (OnBeanCondition)

   TaskExecutionAutoConfiguration matched:
      - @ConditionalOnClass found required class 'org.springframework.scheduling.concurrent.ThreadPoolTaskExecutor' (OnClassCondition)

   TaskExecutorConfigurations.SimpleAsyncTaskExecutorBuilderConfiguration#simpleAsyncTaskExecutorBuilder matched:
      - @ConditionalOnMissingBean (types: org.springframework.boot.task.SimpleAsyncTaskExecutorBuilder; SearchStrategy: all) did not find any beans (OnBeanCondition)
      - @ConditionalOnThreading found PLATFORM (OnThreadingCondition)

   TaskExecutorConfigurations.ThreadPoolTaskExecutorBuilderConfiguration#threadPoolTaskExecutorBuilder matched:
      - @ConditionalOnMissingBean (types: org.springframework.boot.task.ThreadPoolTaskExecutorBuilder; SearchStrategy: all) did not find any beans (OnBeanCondition)

   TaskSchedulingAutoConfiguration matched:
      - @ConditionalOnClass found required class 'org.springframework.scheduling.concurrent.ThreadPoolTaskScheduler' (OnClassCondition)

   TaskSchedulingAutoConfiguration#scheduledBeanLazyInitializationExcludeFilter matched:
      - @ConditionalOnBean (names: org.springframework.context.annotation.internalScheduledAnnotationProcessor; SearchStrategy: all) found bean 'org.springframework.context.annotation.internalScheduledAnnotationProcessor' (OnBeanCondition)

   TaskSchedulingConfigurations.SimpleAsyncTaskSchedulerBuilderConfiguration#simpleAsyncTaskSchedulerBuilder matched:
      - @ConditionalOnMissingBean (types: org.springframework.boot.task.SimpleAsyncTaskSchedulerBuilder; SearchStrategy: all) did not find any beans (OnBeanCondition)
      - @ConditionalOnThreading found PLATFORM (OnThreadingCondition)

   TaskSchedulingConfigurations.ThreadPoolTaskSchedulerBuilderConfiguration#threadPoolTaskSchedulerBuilder matched:
      - @ConditionalOnMissingBean (types: org.springframework.boot.task.ThreadPoolTaskSchedulerBuilder; SearchStrategy: all) did not find any beans (OnBeanCondition)

   TransactionAutoConfiguration matched:
      - @ConditionalOnClass found required class 'org.springframework.transaction.PlatformTransactionManager' (OnClassCondition)

   TransactionAutoConfiguration.EnableTransactionManagementConfiguration matched:
      - @ConditionalOnBean (types: org.springframework.transaction.TransactionManager; SearchStrategy: all) found bean 'transactionManager'; @ConditionalOnMissingBean (types: org.springframework.transaction.annotation.AbstractTransactionManagementConfiguration; SearchStrategy: all) did not find any beans (OnBeanCondition)

   TransactionAutoConfiguration.EnableTransactionManagementConfiguration.CglibAutoProxyConfiguration matched:
      - @ConditionalOnBooleanProperty (spring.aop.proxy-target-class=true) matched (OnPropertyCondition)

   TransactionAutoConfiguration.TransactionTemplateConfiguration matched:
      - @ConditionalOnSingleCandidate (types: org.springframework.transaction.PlatformTransactionManager; SearchStrategy: all) found a single bean 'transactionManager' (OnBeanCondition)

   TransactionAutoConfiguration.TransactionTemplateConfiguration#transactionTemplate matched:
      - @ConditionalOnMissingBean (types: org.springframework.transaction.support.TransactionOperations; SearchStrategy: all) did not find any beans (OnBeanCondition)

   TransactionManagerCustomizationAutoConfiguration matched:
      - @ConditionalOnClass found required class 'org.springframework.transaction.PlatformTransactionManager' (OnClassCondition)

   TransactionManagerCustomizationAutoConfiguration#platformTransactionManagerCustomizers matched:
      - @ConditionalOnMissingBean (types: org.springframework.boot.autoconfigure.transaction.TransactionManagerCustomizers; SearchStrategy: all) did not find any beans (OnBeanCondition)

   ValidationAutoConfiguration matched:
      - @ConditionalOnClass found required class 'jakarta.validation.executable.ExecutableValidator' (OnClassCondition)
      - @ConditionalOnResource found location classpath:META-INF/services/jakarta.validation.spi.ValidationProvider (OnResourceCondition)

   ValidationAutoConfiguration#defaultValidator matched:
      - @ConditionalOnMissingBean (types: jakarta.validation.Validator; SearchStrategy: all) did not find any beans (OnBeanCondition)

   ValidationAutoConfiguration#methodValidationPostProcessor matched:
      - @ConditionalOnMissingBean (types: org.springframework.validation.beanvalidation.MethodValidationPostProcessor; SearchStrategy: current) did not find any beans (OnBeanCondition)

   WebMvcAutoConfiguration matched:
      - @ConditionalOnClass found required classes 'jakarta.servlet.Servlet', 'org.springframework.web.servlet.DispatcherServlet', 'org.springframework.web.servlet.config.annotation.WebMvcConfigurer' (OnClassCondition)
      - found 'session' scope (OnWebApplicationCondition)
      - @ConditionalOnMissingBean (types: org.springframework.web.servlet.config.annotation.WebMvcConfigurationSupport; SearchStrategy: all) did not find any beans (OnBeanCondition)

   WebMvcAutoConfiguration#formContentFilter matched:
      - @ConditionalOnBooleanProperty (spring.mvc.formcontent.filter.enabled=true) matched (OnPropertyCondition)
      - @ConditionalOnMissingBean (types: org.springframework.web.filter.FormContentFilter; SearchStrategy: all) did not find any beans (OnBeanCondition)

   WebMvcAutoConfiguration.EnableWebMvcConfiguration#flashMapManager matched:
      - @ConditionalOnMissingBean (names: flashMapManager; SearchStrategy: all) did not find any beans (OnBeanCondition)

   WebMvcAutoConfiguration.EnableWebMvcConfiguration#localeResolver matched:
      - @ConditionalOnMissingBean (names: localeResolver; SearchStrategy: all) did not find any beans (OnBeanCondition)

   WebMvcAutoConfiguration.EnableWebMvcConfiguration#themeResolver matched:
      - @ConditionalOnMissingBean (names: themeResolver; SearchStrategy: all) did not find any beans (OnBeanCondition)

   WebMvcAutoConfiguration.EnableWebMvcConfiguration#viewNameTranslator matched:
      - @ConditionalOnMissingBean (names: viewNameTranslator; SearchStrategy: all) did not find any beans (OnBeanCondition)

   WebMvcAutoConfiguration.WebMvcAutoConfigurationAdapter#defaultViewResolver matched:
      - @ConditionalOnMissingBean (types: org.springframework.web.servlet.view.InternalResourceViewResolver; SearchStrategy: all) did not find any beans (OnBeanCondition)

   WebMvcAutoConfiguration.WebMvcAutoConfigurationAdapter#requestContextFilter matched:
      - @ConditionalOnMissingBean (types: org.springframework.web.context.request.RequestContextListener,org.springframework.web.filter.RequestContextFilter; SearchStrategy: all) did not find any beans (OnBeanCondition)

   WebMvcAutoConfiguration.WebMvcAutoConfigurationAdapter#viewResolver matched:
      - @ConditionalOnBean (types: org.springframework.web.servlet.ViewResolver; SearchStrategy: all) found beans 'defaultViewResolver', 'beanNameViewResolver', 'mvcViewResolver'; @ConditionalOnMissingBean (names: viewResolver types: org.springframework.web.servlet.view.ContentNegotiatingViewResolver; SearchStrategy: all) did not find any beans (OnBeanCondition)

   WebSocketMessagingAutoConfiguration matched:
      - @ConditionalOnClass found required class 'org.springframework.web.socket.config.annotation.WebSocketMessageBrokerConfigurer' (OnClassCondition)
      - found 'session' scope (OnWebApplicationCondition)

   WebSocketMessagingAutoConfiguration.WebSocketMessageConverterConfiguration matched:
      - @ConditionalOnClass found required classes 'com.fasterxml.jackson.databind.ObjectMapper', 'org.springframework.messaging.simp.config.AbstractMessageBrokerConfiguration' (OnClassCondition)
      - @ConditionalOnBean (types: org.springframework.web.socket.config.annotation.DelegatingWebSocketMessageBrokerConfiguration,com.fasterxml.jackson.databind.ObjectMapper; SearchStrategy: all) found beans 'jacksonObjectMapper', 'org.springframework.web.socket.config.annotation.DelegatingWebSocketMessageBrokerConfiguration' (OnBeanCondition)

   WebSocketServletAutoConfiguration matched:
      - @ConditionalOnClass found required classes 'jakarta.servlet.Servlet', 'jakarta.websocket.server.ServerContainer' (OnClassCondition)
      - found 'session' scope (OnWebApplicationCondition)

   WebSocketServletAutoConfiguration.TomcatWebSocketConfiguration matched:
      - @ConditionalOnClass found required classes 'org.apache.catalina.startup.Tomcat', 'org.apache.tomcat.websocket.server.WsSci' (OnClassCondition)

   WebSocketServletAutoConfiguration.TomcatWebSocketConfiguration#websocketServletWebServerCustomizer matched:
      - @ConditionalOnMissingBean (names: websocketServletWebServerCustomizer; SearchStrategy: all) did not find any beans (OnBeanCondition)


Negative matches:
-----------------

   ActiveMQAutoConfiguration:
      Did not match:
         - @ConditionalOnClass did not find required class 'jakarta.jms.ConnectionFactory' (OnClassCondition)

   AopAutoConfiguration.AspectJAutoProxyingConfiguration.JdkDynamicAutoProxyConfiguration:
      Did not match:
         - @ConditionalOnBooleanProperty (spring.aop.proxy-target-class=false) did not find property 'spring.aop.proxy-target-class' (OnPropertyCondition)

   AopAutoConfiguration.ClassProxyingConfiguration:
      Did not match:
         - @ConditionalOnMissingClass found unwanted class 'org.aspectj.weaver.Advice' (OnClassCondition)

   ArtemisAutoConfiguration:
      Did not match:
         - @ConditionalOnClass did not find required class 'jakarta.jms.ConnectionFactory' (OnClassCondition)

   BatchAutoConfiguration:
      Did not match:
         - @ConditionalOnClass did not find required class 'org.springframework.batch.core.launch.JobLauncher' (OnClassCondition)

   Cache2kCacheConfiguration:
      Did not match:
         - @ConditionalOnClass did not find required class 'org.cache2k.Cache2kBuilder' (OnClassCondition)

   CacheAutoConfiguration:
      Did not match:
         - @ConditionalOnBean (types: org.springframework.cache.interceptor.CacheAspectSupport; SearchStrategy: all) did not find any beans of type org.springframework.cache.interceptor.CacheAspectSupport (OnBeanCondition)
      Matched:
         - @ConditionalOnClass found required class 'org.springframework.cache.CacheManager' (OnClassCondition)

   CacheAutoConfiguration.CacheManagerEntityManagerFactoryDependsOnPostProcessor:
      Did not match:
         - Ancestor org.springframework.boot.autoconfigure.cache.CacheAutoConfiguration did not match (ConditionEvaluationReport.AncestorsMatchedCondition)
      Matched:
         - @ConditionalOnClass found required class 'org.springframework.orm.jpa.LocalContainerEntityManagerFactoryBean' (OnClassCondition)

   CaffeineCacheConfiguration:
      Did not match:
         - @ConditionalOnClass did not find required class 'com.github.benmanes.caffeine.cache.Caffeine' (OnClassCondition)

   CassandraAutoConfiguration:
      Did not match:
         - @ConditionalOnClass did not find required class 'com.datastax.oss.driver.api.core.CqlSession' (OnClassCondition)

   CassandraDataAutoConfiguration:
      Did not match:
         - @ConditionalOnClass did not find required class 'com.datastax.oss.driver.api.core.CqlSession' (OnClassCondition)

   CassandraReactiveDataAutoConfiguration:
      Did not match:
         - @ConditionalOnClass did not find required class 'com.datastax.oss.driver.api.core.CqlSession' (OnClassCondition)

   CassandraReactiveRepositoriesAutoConfiguration:
      Did not match:
         - @ConditionalOnClass did not find required class 'org.springframework.data.cassandra.ReactiveSession' (OnClassCondition)

   CassandraRepositoriesAutoConfiguration:
      Did not match:
         - @ConditionalOnClass did not find required class 'com.datastax.oss.driver.api.core.CqlSession' (OnClassCondition)

   org.springframework.boot.autoconfigure.http.client.reactive.ClientHttpConnectorAutoConfiguration:
      Did not match:
         - @ConditionalOnClass did not find required class 'reactor.core.publisher.Mono' (OnClassCondition)

   org.springframework.boot.autoconfigure.web.reactive.function.client.ClientHttpConnectorAutoConfiguration:
      Did not match:
         - @ConditionalOnClass did not find required class 'org.springframework.web.reactive.function.client.WebClient' (OnClassCondition)

   CodecsAutoConfiguration:
      Did not match:
         - @ConditionalOnClass did not find required class 'org.springframework.web.reactive.function.client.WebClient' (OnClassCondition)

   CouchbaseAutoConfiguration:
      Did not match:
         - @ConditionalOnClass did not find required class 'com.couchbase.client.java.Cluster' (OnClassCondition)

   CouchbaseCacheConfiguration:
      Did not match:
         - @ConditionalOnClass did not find required class 'com.couchbase.client.java.Cluster' (OnClassCondition)

   CouchbaseDataAutoConfiguration:
      Did not match:
         - @ConditionalOnClass did not find required class 'com.couchbase.client.java.Bucket' (OnClassCondition)

   CouchbaseReactiveDataAutoConfiguration:
      Did not match:
         - @ConditionalOnClass did not find required class 'com.couchbase.client.java.Cluster' (OnClassCondition)

   CouchbaseReactiveRepositoriesAutoConfiguration:
      Did not match:
         - @ConditionalOnClass did not find required class 'com.couchbase.client.java.Cluster' (OnClassCondition)

   CouchbaseRepositoriesAutoConfiguration:
      Did not match:
         - @ConditionalOnClass did not find required class 'com.couchbase.client.java.Bucket' (OnClassCondition)

   DataSourceAutoConfiguration.EmbeddedDatabaseConfiguration:
      Did not match:
         - EmbeddedDataSource spring.datasource.url is set (DataSourceAutoConfiguration.EmbeddedDatabaseCondition)

   DataSourceCheckpointRestoreConfiguration:
      Did not match:
         - @ConditionalOnClass did not find required class 'org.crac.Resource' (OnClassCondition)

   DataSourceConfiguration.Dbcp2:
      Did not match:
         - @ConditionalOnClass did not find required class 'org.apache.commons.dbcp2.BasicDataSource' (OnClassCondition)

   DataSourceConfiguration.Generic:
      Did not match:
         - @ConditionalOnProperty (spring.datasource.type) did not find property 'spring.datasource.type' (OnPropertyCondition)

   DataSourceConfiguration.OracleUcp:
      Did not match:
         - @ConditionalOnClass did not find required classes 'oracle.ucp.jdbc.PoolDataSourceImpl', 'oracle.jdbc.OracleConnection' (OnClassCondition)

   DataSourceConfiguration.Tomcat:
      Did not match:
         - @ConditionalOnClass did not find required class 'org.apache.tomcat.jdbc.pool.DataSource' (OnClassCondition)

   DataSourceJmxConfiguration:
      Did not match:
         - @ConditionalOnBooleanProperty (spring.jmx.enabled=true) did not find property 'spring.jmx.enabled' (OnPropertyCondition)

   DataSourcePoolMetadataProvidersConfiguration.CommonsDbcp2PoolDataSourceMetadataProviderConfiguration:
      Did not match:
         - @ConditionalOnClass did not find required class 'org.apache.commons.dbcp2.BasicDataSource' (OnClassCondition)

   DataSourcePoolMetadataProvidersConfiguration.OracleUcpPoolDataSourceMetadataProviderConfiguration:
      Did not match:
         - @ConditionalOnClass did not find required classes 'oracle.ucp.jdbc.PoolDataSource', 'oracle.jdbc.OracleConnection' (OnClassCondition)

   DataSourcePoolMetadataProvidersConfiguration.TomcatDataSourcePoolMetadataProviderConfiguration:
      Did not match:
         - @ConditionalOnClass did not find required class 'org.apache.tomcat.jdbc.pool.DataSource' (OnClassCondition)

   DataSourceTransactionManagerAutoConfiguration.JdbcTransactionManagerConfiguration#transactionManager:
      Did not match:
         - @ConditionalOnMissingBean (types: org.springframework.transaction.TransactionManager; SearchStrategy: all) found beans of type 'org.springframework.transaction.TransactionManager' transactionManager (OnBeanCondition)

   DispatcherServletAutoConfiguration.DispatcherServletConfiguration#multipartResolver:
      Did not match:
         - @ConditionalOnBean (types: org.springframework.web.multipart.MultipartResolver; SearchStrategy: all) did not find any beans of type org.springframework.web.multipart.MultipartResolver (OnBeanCondition)

   ElasticsearchClientAutoConfiguration:
      Did not match:
         - @ConditionalOnClass did not find required class 'co.elastic.clients.elasticsearch.ElasticsearchClient' (OnClassCondition)

   ElasticsearchDataAutoConfiguration:
      Did not match:
         - @ConditionalOnClass did not find required class 'org.springframework.data.elasticsearch.client.elc.ElasticsearchTemplate' (OnClassCondition)

   ElasticsearchRepositoriesAutoConfiguration:
      Did not match:
         - @ConditionalOnClass did not find required class 'org.springframework.data.elasticsearch.repository.ElasticsearchRepository' (OnClassCondition)

   ElasticsearchRestClientAutoConfiguration:
      Did not match:
         - @ConditionalOnClass did not find required class 'org.elasticsearch.client.RestClientBuilder' (OnClassCondition)

   EmbeddedLdapAutoConfiguration:
      Did not match:
         - @ConditionalOnClass did not find required class 'com.unboundid.ldap.listener.InMemoryDirectoryServer' (OnClassCondition)

   EmbeddedWebServerFactoryCustomizerAutoConfiguration.JettyWebServerFactoryCustomizerConfiguration:
      Did not match:
         - @ConditionalOnClass did not find required classes 'org.eclipse.jetty.server.Server', 'org.eclipse.jetty.util.Loader', 'org.eclipse.jetty.ee10.webapp.WebAppContext' (OnClassCondition)

   EmbeddedWebServerFactoryCustomizerAutoConfiguration.NettyWebServerFactoryCustomizerConfiguration:
      Did not match:
         - @ConditionalOnClass did not find required class 'reactor.netty.http.server.HttpServer' (OnClassCondition)

   EmbeddedWebServerFactoryCustomizerAutoConfiguration.TomcatWebServerFactoryCustomizerConfiguration#tomcatVirtualThreadsProtocolHandlerCustomizer:
      Did not match:
         - @ConditionalOnThreading did not find VIRTUAL (OnThreadingCondition)

   EmbeddedWebServerFactoryCustomizerAutoConfiguration.UndertowWebServerFactoryCustomizerConfiguration:
      Did not match:
         - @ConditionalOnClass did not find required classes 'io.undertow.Undertow', 'org.xnio.SslClientAuthMode' (OnClassCondition)

   ErrorWebFluxAutoConfiguration:
      Did not match:
         - @ConditionalOnClass did not find required class 'org.springframework.web.reactive.config.WebFluxConfigurer' (OnClassCondition)

   FlywayAutoConfiguration:
      Did not match:
         - @ConditionalOnClass did not find required class 'org.flywaydb.core.Flyway' (OnClassCondition)

   FreeMarkerAutoConfiguration:
      Did not match:
         - @ConditionalOnClass did not find required class 'freemarker.template.Configuration' (OnClassCondition)

   GraphQlAutoConfiguration:
      Did not match:
         - @ConditionalOnClass did not find required class 'graphql.GraphQL' (OnClassCondition)

   GraphQlQueryByExampleAutoConfiguration:
      Did not match:
         - @ConditionalOnClass did not find required class 'graphql.GraphQL' (OnClassCondition)

   GraphQlQuerydslAutoConfiguration:
      Did not match:
         - @ConditionalOnClass did not find required class 'com.querydsl.core.Query' (OnClassCondition)

   GraphQlRSocketAutoConfiguration:
      Did not match:
         - @ConditionalOnClass did not find required class 'graphql.GraphQL' (OnClassCondition)

   GraphQlReactiveQueryByExampleAutoConfiguration:
      Did not match:
         - @ConditionalOnClass did not find required class 'graphql.GraphQL' (OnClassCondition)

   GraphQlReactiveQuerydslAutoConfiguration:
      Did not match:
         - @ConditionalOnClass did not find required class 'com.querydsl.core.Query' (OnClassCondition)

   GraphQlWebFluxAutoConfiguration:
      Did not match:
         - @ConditionalOnClass did not find required class 'graphql.GraphQL' (OnClassCondition)

   GraphQlWebFluxSecurityAutoConfiguration:
      Did not match:
         - @ConditionalOnClass did not find required class 'graphql.GraphQL' (OnClassCondition)

   GraphQlWebMvcAutoConfiguration:
      Did not match:
         - @ConditionalOnClass did not find required class 'graphql.GraphQL' (OnClassCondition)

   GraphQlWebMvcSecurityAutoConfiguration:
      Did not match:
         - @ConditionalOnClass did not find required class 'graphql.GraphQL' (OnClassCondition)

   GroovyTemplateAutoConfiguration:
      Did not match:
         - @ConditionalOnClass did not find required class 'groovy.text.markup.MarkupTemplateEngine' (OnClassCondition)

   GsonHttpMessageConvertersConfiguration.GsonHttpMessageConverterConfiguration:
      Did not match:
         - AnyNestedCondition 0 matched 2 did not; NestedCondition on GsonHttpMessageConvertersConfiguration.PreferGsonOrJacksonAndJsonbUnavailableCondition.JacksonJsonbUnavailable NoneNestedConditions 1 matched 1 did not; NestedCondition on GsonHttpMessageConvertersConfiguration.JacksonAndJsonbUnavailableCondition.JsonbPreferred @ConditionalOnPreferredJsonMapper JSONB no property was configured and Jackson is the default; NestedCondition on GsonHttpMessageConvertersConfiguration.JacksonAndJsonbUnavailableCondition.JacksonAvailable @ConditionalOnBean (types: org.springframework.http.converter.json.MappingJackson2HttpMessageConverter; SearchStrategy: all) found bean 'mappingJackson2HttpMessageConverter'; NestedCondition on GsonHttpMessageConvertersConfiguration.PreferGsonOrJacksonAndJsonbUnavailableCondition.GsonPreferred @ConditionalOnPreferredJsonMapper GSON no property was configured and Jackson is the default (GsonHttpMessageConvertersConfiguration.PreferGsonOrJacksonAndJsonbUnavailableCondition)

   H2ConsoleAutoConfiguration:
      Did not match:
         - @ConditionalOnBooleanProperty (spring.h2.console.enabled=true) did not find property 'spring.h2.console.enabled' (OnPropertyCondition)
      Matched:
         - @ConditionalOnClass found required class 'org.h2.server.web.JakartaWebServlet' (OnClassCondition)
         - found 'session' scope (OnWebApplicationCondition)

   HazelcastAutoConfiguration:
      Did not match:
         - @ConditionalOnClass did not find required class 'com.hazelcast.core.HazelcastInstance' (OnClassCondition)

   HazelcastCacheConfiguration:
      Did not match:
         - @ConditionalOnClass did not find required class 'com.hazelcast.core.HazelcastInstance' (OnClassCondition)

   HazelcastJpaDependencyAutoConfiguration:
      Did not match:
         - @ConditionalOnClass did not find required class 'com.hazelcast.core.HazelcastInstance' (OnClassCondition)

   HttpHandlerAutoConfiguration:
      Did not match:
         - @ConditionalOnClass did not find required class 'org.springframework.web.reactive.DispatcherHandler' (OnClassCondition)

   HypermediaAutoConfiguration:
      Did not match:
         - @ConditionalOnClass did not find required class 'org.springframework.hateoas.EntityModel' (OnClassCondition)

   InfinispanCacheConfiguration:
      Did not match:
         - @ConditionalOnClass did not find required class 'org.infinispan.spring.embedded.provider.SpringEmbeddedCacheManager' (OnClassCondition)

   IntegrationAutoConfiguration:
      Did not match:
         - @ConditionalOnClass did not find required class 'org.springframework.integration.config.EnableIntegration' (OnClassCondition)

   JCacheCacheConfiguration:
      Did not match:
         - @ConditionalOnClass did not find required class 'javax.cache.Caching' (OnClassCondition)

   JacksonHttpMessageConvertersConfiguration.MappingJackson2XmlHttpMessageConverterConfiguration:
      Did not match:
         - @ConditionalOnClass did not find required class 'com.fasterxml.jackson.dataformat.xml.XmlMapper' (OnClassCondition)

   JdbcRepositoriesAutoConfiguration:
      Did not match:
         - @ConditionalOnClass did not find required class 'org.springframework.data.jdbc.repository.config.AbstractJdbcConfiguration' (OnClassCondition)

   JerseyAutoConfiguration:
      Did not match:
         - @ConditionalOnClass did not find required class 'org.glassfish.jersey.server.spring.SpringComponentProvider' (OnClassCondition)

   JmsAutoConfiguration:
      Did not match:
         - @ConditionalOnClass did not find required class 'jakarta.jms.Message' (OnClassCondition)

   JmxAutoConfiguration:
      Did not match:
         - @ConditionalOnBooleanProperty (spring.jmx.enabled=true) did not find property 'spring.jmx.enabled' (OnPropertyCondition)
      Matched:
         - @ConditionalOnClass found required class 'org.springframework.jmx.export.MBeanExporter' (OnClassCondition)

   JndiConnectionFactoryAutoConfiguration:
      Did not match:
         - @ConditionalOnClass did not find required class 'org.springframework.jms.core.JmsTemplate' (OnClassCondition)

   JndiDataSourceAutoConfiguration:
      Did not match:
         - @ConditionalOnProperty (spring.datasource.jndi-name) did not find property 'spring.datasource.jndi-name' (OnPropertyCondition)
      Matched:
         - @ConditionalOnClass found required classes 'javax.sql.DataSource', 'org.springframework.jdbc.datasource.embedded.EmbeddedDatabaseType' (OnClassCondition)

   JndiJtaConfiguration:
      Did not match:
         - @ConditionalOnJndi JNDI environment is not available (OnJndiCondition)
      Matched:
         - @ConditionalOnClass found required class 'org.springframework.transaction.jta.JtaTransactionManager' (OnClassCondition)

   JooqAutoConfiguration:
      Did not match:
         - @ConditionalOnClass did not find required class 'org.jooq.DSLContext' (OnClassCondition)

   JpaBaseConfiguration.JpaWebConfiguration:
      Did not match:
         - @ConditionalOnBooleanProperty (spring.jpa.open-in-view=true) found different value in property 'spring.jpa.open-in-view' (OnPropertyCondition)
      Matched:
         - @ConditionalOnClass found required class 'org.springframework.web.servlet.config.annotation.WebMvcConfigurer' (OnClassCondition)
         - found 'session' scope (OnWebApplicationCondition)

   JpaRepositoriesAutoConfiguration#entityManagerFactoryBootstrapExecutorCustomizer:
      Did not match:
         - AnyNestedCondition 0 matched 2 did not; NestedCondition on JpaRepositoriesAutoConfiguration.BootstrapExecutorCondition.LazyBootstrapMode @ConditionalOnProperty (spring.data.jpa.repositories.bootstrap-mode=lazy) did not find property 'spring.data.jpa.repositories.bootstrap-mode'; NestedCondition on JpaRepositoriesAutoConfiguration.BootstrapExecutorCondition.DeferredBootstrapMode @ConditionalOnProperty (spring.data.jpa.repositories.bootstrap-mode=deferred) did not find property 'spring.data.jpa.repositories.bootstrap-mode' (JpaRepositoriesAutoConfiguration.BootstrapExecutorCondition)

   JsonbAutoConfiguration:
      Did not match:
         - @ConditionalOnClass did not find required class 'jakarta.json.bind.Jsonb' (OnClassCondition)

   JsonbHttpMessageConvertersConfiguration:
      Did not match:
         - @ConditionalOnClass did not find required class 'jakarta.json.bind.Jsonb' (OnClassCondition)

   KafkaAutoConfiguration:
      Did not match:
         - @ConditionalOnClass did not find required class 'org.springframework.kafka.core.KafkaTemplate' (OnClassCondition)

   LdapAutoConfiguration:
      Did not match:
         - @ConditionalOnClass did not find required class 'org.springframework.ldap.core.ContextSource' (OnClassCondition)

   LdapRepositoriesAutoConfiguration:
      Did not match:
         - @ConditionalOnClass did not find required class 'org.springframework.data.ldap.repository.LdapRepository' (OnClassCondition)

   LiquibaseAutoConfiguration:
      Did not match:
         - @ConditionalOnClass did not find required class 'liquibase.change.DatabaseChange' (OnClassCondition)

   MailSenderJndiConfiguration:
      Did not match:
         - @ConditionalOnProperty (spring.mail.jndi-name) did not find property 'spring.mail.jndi-name' (OnPropertyCondition)
      Matched:
         - @ConditionalOnClass found required class 'jakarta.mail.Session' (OnClassCondition)

   MailSenderValidatorAutoConfiguration:
      Did not match:
         - @ConditionalOnBooleanProperty (spring.mail.test-connection=true) did not find property 'spring.mail.test-connection' (OnPropertyCondition)

   MessageSourceAutoConfiguration:
      Did not match:
         - ResourceBundle did not find bundle with basename messages (MessageSourceAutoConfiguration.ResourceBundleCondition)

   MongoAutoConfiguration:
      Did not match:
         - @ConditionalOnClass did not find required class 'com.mongodb.client.MongoClient' (OnClassCondition)

   MongoDataAutoConfiguration:
      Did not match:
         - @ConditionalOnClass did not find required class 'com.mongodb.client.MongoClient' (OnClassCondition)

   MongoReactiveAutoConfiguration:
      Did not match:
         - @ConditionalOnClass did not find required class 'com.mongodb.reactivestreams.client.MongoClient' (OnClassCondition)

   MongoReactiveDataAutoConfiguration:
      Did not match:
         - @ConditionalOnClass did not find required class 'com.mongodb.reactivestreams.client.MongoClient' (OnClassCondition)

   MongoReactiveRepositoriesAutoConfiguration:
      Did not match:
         - @ConditionalOnClass did not find required class 'com.mongodb.reactivestreams.client.MongoClient' (OnClassCondition)

   MongoRepositoriesAutoConfiguration:
      Did not match:
         - @ConditionalOnClass did not find required class 'com.mongodb.client.MongoClient' (OnClassCondition)

   MustacheAutoConfiguration:
      Did not match:
         - @ConditionalOnClass did not find required class 'com.samskivert.mustache.Mustache' (OnClassCondition)

   Neo4jAutoConfiguration:
      Did not match:
         - @ConditionalOnClass did not find required class 'org.neo4j.driver.Driver' (OnClassCondition)

   Neo4jDataAutoConfiguration:
      Did not match:
         - @ConditionalOnClass did not find required class 'org.neo4j.driver.Driver' (OnClassCondition)

   Neo4jReactiveDataAutoConfiguration:
      Did not match:
         - @ConditionalOnClass did not find required class 'org.neo4j.driver.Driver' (OnClassCondition)

   Neo4jReactiveRepositoriesAutoConfiguration:
      Did not match:
         - @ConditionalOnClass did not find required class 'org.neo4j.driver.Driver' (OnClassCondition)

   Neo4jRepositoriesAutoConfiguration:
      Did not match:
         - @ConditionalOnClass did not find required class 'org.neo4j.driver.Driver' (OnClassCondition)

   NettyAutoConfiguration:
      Did not match:
         - @ConditionalOnClass did not find required class 'io.netty.util.NettyRuntime' (OnClassCondition)

   OAuth2AuthorizationServerAutoConfiguration:
      Did not match:
         - @ConditionalOnClass did not find required class 'org.springframework.security.oauth2.server.authorization.OAuth2Authorization' (OnClassCondition)

   OAuth2AuthorizationServerJwtAutoConfiguration:
      Did not match:
         - @ConditionalOnClass did not find required class 'com.nimbusds.jose.jwk.source.JWKSource' (OnClassCondition)

   OAuth2ClientAutoConfiguration:
      Did not match:
         - @ConditionalOnClass did not find required class 'org.springframework.security.oauth2.client.registration.ClientRegistration' (OnClassCondition)

   OAuth2ClientWebSecurityAutoConfiguration:
      Did not match:
         - @ConditionalOnClass did not find required class 'org.springframework.security.oauth2.client.web.OAuth2AuthorizedClientRepository' (OnClassCondition)

   OAuth2ResourceServerAutoConfiguration:
      Did not match:
         - @ConditionalOnClass did not find required class 'org.springframework.security.oauth2.server.resource.authentication.BearerTokenAuthenticationToken' (OnClassCondition)

   ProjectInfoAutoConfiguration#buildProperties:
      Did not match:
         - @ConditionalOnResource did not find resource '${spring.info.build.location:classpath:META-INF/build-info.properties}' (OnResourceCondition)

   ProjectInfoAutoConfiguration#gitProperties:
      Did not match:
         - GitResource did not find git info at classpath:git.properties (ProjectInfoAutoConfiguration.GitResourceAvailableCondition)

   PulsarAutoConfiguration:
      Did not match:
         - @ConditionalOnClass did not find required class 'org.apache.pulsar.client.api.PulsarClient' (OnClassCondition)

   PulsarReactiveAutoConfiguration:
      Did not match:
         - @ConditionalOnClass did not find required class 'org.apache.pulsar.client.api.PulsarClient' (OnClassCondition)

   QuartzAutoConfiguration:
      Did not match:
         - @ConditionalOnClass did not find required class 'org.quartz.Scheduler' (OnClassCondition)

   R2dbcAutoConfiguration:
      Did not match:
         - @ConditionalOnClass did not find required class 'io.r2dbc.spi.ConnectionFactory' (OnClassCondition)

   R2dbcDataAutoConfiguration:
      Did not match:
         - @ConditionalOnClass did not find required class 'org.springframework.data.r2dbc.core.R2dbcEntityTemplate' (OnClassCondition)

   R2dbcInitializationConfiguration:
      Did not match:
         - @ConditionalOnClass did not find required classes 'io.r2dbc.spi.ConnectionFactory', 'org.springframework.r2dbc.connection.init.DatabasePopulator' (OnClassCondition)

   R2dbcProxyAutoConfiguration:
      Did not match:
         - @ConditionalOnClass did not find required class 'io.r2dbc.proxy.ProxyConnectionFactory' (OnClassCondition)

   R2dbcRepositoriesAutoConfiguration:
      Did not match:
         - @ConditionalOnClass did not find required class 'io.r2dbc.spi.ConnectionFactory' (OnClassCondition)

   R2dbcTransactionManagerAutoConfiguration:
      Did not match:
         - @ConditionalOnClass did not find required class 'org.springframework.r2dbc.connection.R2dbcTransactionManager' (OnClassCondition)

   RSocketGraphQlClientAutoConfiguration:
      Did not match:
         - @ConditionalOnClass did not find required class 'graphql.GraphQL' (OnClassCondition)

   RSocketMessagingAutoConfiguration:
      Did not match:
         - @ConditionalOnClass did not find required class 'io.rsocket.RSocket' (OnClassCondition)

   RSocketRequesterAutoConfiguration:
      Did not match:
         - @ConditionalOnClass did not find required class 'io.rsocket.RSocket' (OnClassCondition)

   RSocketSecurityAutoConfiguration:
      Did not match:
         - @ConditionalOnClass did not find required class 'org.springframework.security.rsocket.core.SecuritySocketAcceptorInterceptor' (OnClassCondition)

   RSocketServerAutoConfiguration:
      Did not match:
         - @ConditionalOnClass did not find required class 'io.rsocket.core.RSocketServer' (OnClassCondition)

   RSocketStrategiesAutoConfiguration:
      Did not match:
         - @ConditionalOnClass did not find required class 'io.netty.buffer.PooledByteBufAllocator' (OnClassCondition)

   RabbitAutoConfiguration:
      Did not match:
         - @ConditionalOnClass did not find required class 'com.rabbitmq.client.Channel' (OnClassCondition)

   ReactiveElasticsearchClientAutoConfiguration:
      Did not match:
         - @ConditionalOnClass did not find required class 'co.elastic.clients.transport.ElasticsearchTransport' (OnClassCondition)

   ReactiveElasticsearchRepositoriesAutoConfiguration:
      Did not match:
         - @ConditionalOnClass did not find required class 'reactor.core.publisher.Mono' (OnClassCondition)

   ReactiveMultipartAutoConfiguration:
      Did not match:
         - @ConditionalOnClass did not find required class 'org.springframework.web.reactive.config.WebFluxConfigurer' (OnClassCondition)

   ReactiveOAuth2ClientAutoConfiguration:
      Did not match:
         - @ConditionalOnClass did not find required class 'reactor.core.publisher.Flux' (OnClassCondition)

   ReactiveOAuth2ClientWebSecurityAutoConfiguration:
      Did not match:
         - @ConditionalOnClass did not find required class 'reactor.core.publisher.Flux' (OnClassCondition)

   ReactiveOAuth2ResourceServerAutoConfiguration:
      Did not match:
         - @ConditionalOnWebApplication did not find reactive web application classes (OnWebApplicationCondition)

   ReactiveSecurityAutoConfiguration:
      Did not match:
         - @ConditionalOnClass did not find required class 'reactor.core.publisher.Flux' (OnClassCondition)

   ReactiveUserDetailsServiceAutoConfiguration:
      Did not match:
         - AnyNestedCondition 0 matched 2 did not; NestedCondition on ReactiveUserDetailsServiceAutoConfiguration.RSocketEnabledOrReactiveWebApplication.ReactiveWebApplicationCondition did not find reactive web application classes; NestedCondition on ReactiveUserDetailsServiceAutoConfiguration.RSocketEnabledOrReactiveWebApplication.RSocketSecurityEnabledCondition @ConditionalOnBean (types: org.springframework.messaging.rsocket.annotation.support.RSocketMessageHandler; SearchStrategy: all) did not find any beans of type org.springframework.messaging.rsocket.annotation.support.RSocketMessageHandler (ReactiveUserDetailsServiceAutoConfiguration.RSocketEnabledOrReactiveWebApplication)
      Matched:
         - @ConditionalOnClass found required class 'org.springframework.security.authentication.ReactiveAuthenticationManager' (OnClassCondition)
         - AnyNestedCondition 1 matched 2 did not; NestedCondition on ReactiveUserDetailsServiceAutoConfiguration.MissingAlternativeOrUserPropertiesConfigured.PasswordConfigured @ConditionalOnProperty (spring.security.user.password) did not find property 'spring.security.user.password'; NestedCondition on ReactiveUserDetailsServiceAutoConfiguration.MissingAlternativeOrUserPropertiesConfigured.NameConfigured @ConditionalOnProperty (spring.security.user.name) did not find property 'spring.security.user.name'; NestedCondition on ReactiveUserDetailsServiceAutoConfiguration.MissingAlternativeOrUserPropertiesConfigured.MissingAlternative @ConditionalOnMissingClass did not find unwanted classes 'org.springframework.security.oauth2.client.registration.ClientRegistrationRepository', 'org.springframework.security.oauth2.server.resource.introspection.ReactiveOpaqueTokenIntrospector' (ReactiveUserDetailsServiceAutoConfiguration.MissingAlternativeOrUserPropertiesConfigured)

   ReactiveWebServerFactoryAutoConfiguration:
      Did not match:
         - @ConditionalOnWebApplication did not find reactive web application classes (OnWebApplicationCondition)

   ReactorAutoConfiguration:
      Did not match:
         - @ConditionalOnClass did not find required class 'reactor.core.publisher.Hooks' (OnClassCondition)

   RedisAutoConfiguration:
      Did not match:
         - @ConditionalOnClass did not find required class 'org.springframework.data.redis.core.RedisOperations' (OnClassCondition)

   RedisCacheConfiguration:
      Did not match:
         - @ConditionalOnClass did not find required class 'org.springframework.data.redis.connection.RedisConnectionFactory' (OnClassCondition)

   RedisReactiveAutoConfiguration:
      Did not match:
         - @ConditionalOnClass did not find required class 'reactor.core.publisher.Flux' (OnClassCondition)

   RedisRepositoriesAutoConfiguration:
      Did not match:
         - @ConditionalOnClass did not find required class 'org.springframework.data.redis.repository.configuration.EnableRedisRepositories' (OnClassCondition)

   RepositoryRestMvcAutoConfiguration:
      Did not match:
         - @ConditionalOnClass did not find required class 'org.springframework.data.rest.webmvc.config.RepositoryRestMvcConfiguration' (OnClassCondition)

   Saml2RelyingPartyAutoConfiguration:
      Did not match:
         - @ConditionalOnClass did not find required class 'org.springframework.security.saml2.provider.service.registration.RelyingPartyRegistrationRepository' (OnClassCondition)

   SecurityDataConfiguration:
      Did not match:
         - @ConditionalOnClass did not find required class 'org.springframework.security.data.repository.query.SecurityEvaluationContextExtension' (OnClassCondition)

   SendGridAutoConfiguration:
      Did not match:
         - @ConditionalOnClass did not find required class 'com.sendgrid.SendGrid' (OnClassCondition)

   ServletWebServerFactoryAutoConfiguration.ForwardedHeaderFilterConfiguration:
      Did not match:
         - @ConditionalOnProperty (server.forward-headers-strategy=framework) did not find property 'server.forward-headers-strategy' (OnPropertyCondition)

   ServletWebServerFactoryConfiguration.EmbeddedJetty:
      Did not match:
         - @ConditionalOnClass did not find required classes 'org.eclipse.jetty.server.Server', 'org.eclipse.jetty.util.Loader', 'org.eclipse.jetty.ee10.webapp.WebAppContext' (OnClassCondition)

   ServletWebServerFactoryConfiguration.EmbeddedUndertow:
      Did not match:
         - @ConditionalOnClass did not find required classes 'io.undertow.Undertow', 'org.xnio.SslClientAuthMode' (OnClassCondition)

   SessionAutoConfiguration:
      Did not match:
         - @ConditionalOnClass did not find required class 'org.springframework.session.Session' (OnClassCondition)

   SpringApplicationAdminJmxAutoConfiguration:
      Did not match:
         - @ConditionalOnBooleanProperty (spring.application.admin.enabled=true) did not find property 'spring.application.admin.enabled' (OnPropertyCondition)

   SpringBootWebSecurityConfiguration.SecurityFilterChainConfiguration:
      Did not match:
         - AllNestedConditions 1 matched 1 did not; NestedCondition on DefaultWebSecurityCondition.Beans @ConditionalOnMissingBean (types: org.springframework.security.web.SecurityFilterChain; SearchStrategy: all) found beans of type 'org.springframework.security.web.SecurityFilterChain' securityFilterChain; NestedCondition on DefaultWebSecurityCondition.Classes @ConditionalOnClass found required classes 'org.springframework.security.web.SecurityFilterChain', 'org.springframework.security.config.annotation.web.builders.HttpSecurity' (DefaultWebSecurityCondition)

   SpringBootWebSecurityConfiguration.WebSecurityEnablerConfiguration:
      Did not match:
         - @ConditionalOnMissingBean (names: springSecurityFilterChain; SearchStrategy: all) found beans named springSecurityFilterChain (OnBeanCondition)
      Matched:
         - @ConditionalOnClass found required class 'org.springframework.security.config.annotation.web.configuration.EnableWebSecurity' (OnClassCondition)

   TaskExecutorConfigurations.SimpleAsyncTaskExecutorBuilderConfiguration#simpleAsyncTaskExecutorBuilderVirtualThreads:
      Did not match:
         - @ConditionalOnMissingBean (types: org.springframework.boot.task.SimpleAsyncTaskExecutorBuilder; SearchStrategy: all) found beans of type 'org.springframework.boot.task.SimpleAsyncTaskExecutorBuilder' simpleAsyncTaskExecutorBuilder (OnBeanCondition)

   TaskExecutorConfigurations.TaskExecutorConfiguration:
      Did not match:
         - AnyNestedCondition 0 matched 2 did not; NestedCondition on TaskExecutorConfigurations.OnExecutorCondition.ModelCondition @ConditionalOnProperty (spring.task.execution.mode=force) did not find property 'spring.task.execution.mode'; NestedCondition on TaskExecutorConfigurations.OnExecutorCondition.ExecutorBeanCondition @ConditionalOnMissingBean (types: java.util.concurrent.Executor; SearchStrategy: all) found beans of type 'java.util.concurrent.Executor' clientInboundChannelExecutor, clientOutboundChannelExecutor, brokerChannelExecutor (TaskExecutorConfigurations.OnExecutorCondition)

   TaskSchedulingConfigurations.SimpleAsyncTaskSchedulerBuilderConfiguration#simpleAsyncTaskSchedulerBuilderVirtualThreads:
      Did not match:
         - @ConditionalOnMissingBean (types: org.springframework.boot.task.SimpleAsyncTaskSchedulerBuilder; SearchStrategy: all) found beans of type 'org.springframework.boot.task.SimpleAsyncTaskSchedulerBuilder' simpleAsyncTaskSchedulerBuilder (OnBeanCondition)

   TaskSchedulingConfigurations.TaskSchedulerConfiguration:
      Did not match:
         - @ConditionalOnMissingBean (types: org.springframework.scheduling.TaskScheduler,java.util.concurrent.ScheduledExecutorService; SearchStrategy: all) found beans of type 'org.springframework.scheduling.TaskScheduler' messageBrokerTaskScheduler (OnBeanCondition)

   ThymeleafAutoConfiguration:
      Did not match:
         - @ConditionalOnClass did not find required class 'org.thymeleaf.spring6.SpringTemplateEngine' (OnClassCondition)

   TransactionAutoConfiguration#transactionalOperator:
      Did not match:
         - @ConditionalOnSingleCandidate (types: org.springframework.transaction.ReactiveTransactionManager; SearchStrategy: all) did not find any beans (OnBeanCondition)

   TransactionAutoConfiguration.AspectJTransactionManagementConfiguration:
      Did not match:
         - @ConditionalOnBean (types: org.springframework.transaction.aspectj.AbstractTransactionAspect; SearchStrategy: all) did not find any beans of type org.springframework.transaction.aspectj.AbstractTransactionAspect (OnBeanCondition)

   TransactionAutoConfiguration.EnableTransactionManagementConfiguration.JdkDynamicAutoProxyConfiguration:
      Did not match:
         - @ConditionalOnBooleanProperty (spring.aop.proxy-target-class=false) did not find property 'spring.aop.proxy-target-class' (OnPropertyCondition)

   UserDetailsServiceAutoConfiguration:
      Did not match:
         - @ConditionalOnMissingBean (types: org.springframework.security.authentication.AuthenticationManager,org.springframework.security.authentication.AuthenticationProvider,org.springframework.security.core.userdetails.UserDetailsService,org.springframework.security.authentication.AuthenticationManagerResolver,?; SearchStrategy: all) found beans of type 'org.springframework.security.authentication.AuthenticationManager' authenticationManager and found beans of type 'org.springframework.security.core.userdetails.UserDetailsService' customUserDetailsService and found beans of type 'org.springframework.security.authentication.AuthenticationProvider' authenticationProvider (OnBeanCondition)
      Matched:
         - @ConditionalOnClass found required class 'org.springframework.security.authentication.AuthenticationManager' (OnClassCondition)
         - found 'session' scope (OnWebApplicationCondition)
         - AnyNestedCondition 1 matched 2 did not; NestedCondition on UserDetailsServiceAutoConfiguration.MissingAlternativeOrUserPropertiesConfigured.PasswordConfigured @ConditionalOnProperty (spring.security.user.password) did not find property 'spring.security.user.password'; NestedCondition on UserDetailsServiceAutoConfiguration.MissingAlternativeOrUserPropertiesConfigured.NameConfigured @ConditionalOnProperty (spring.security.user.name) did not find property 'spring.security.user.name'; NestedCondition on UserDetailsServiceAutoConfiguration.MissingAlternativeOrUserPropertiesConfigured.MissingAlternative @ConditionalOnMissingClass did not find unwanted classes 'org.springframework.security.oauth2.client.registration.ClientRegistrationRepository', 'org.springframework.security.oauth2.server.resource.introspection.OpaqueTokenIntrospector', 'org.springframework.security.saml2.provider.service.registration.RelyingPartyRegistrationRepository' (UserDetailsServiceAutoConfiguration.MissingAlternativeOrUserPropertiesConfigured)

   WebClientAutoConfiguration:
      Did not match:
         - @ConditionalOnClass did not find required class 'org.springframework.web.reactive.function.client.WebClient' (OnClassCondition)

   WebFluxAutoConfiguration:
      Did not match:
         - @ConditionalOnClass did not find required class 'org.springframework.web.reactive.config.WebFluxConfigurer' (OnClassCondition)

   WebMvcAutoConfiguration#hiddenHttpMethodFilter:
      Did not match:
         - @ConditionalOnBooleanProperty (spring.mvc.hiddenmethod.filter.enabled=true) did not find property 'spring.mvc.hiddenmethod.filter.enabled' (OnPropertyCondition)

   WebMvcAutoConfiguration.ProblemDetailsErrorHandlingConfiguration:
      Did not match:
         - @ConditionalOnBooleanProperty (spring.mvc.problemdetails.enabled=true) did not find property 'spring.mvc.problemdetails.enabled' (OnPropertyCondition)

   WebMvcAutoConfiguration.ResourceChainCustomizerConfiguration:
      Did not match:
         - @ConditionalOnEnabledResourceChain did not find class org.webjars.WebJarVersionLocator (OnEnabledResourceChainCondition)

   WebMvcAutoConfiguration.WebMvcAutoConfigurationAdapter#beanNameViewResolver:
      Did not match:
         - @ConditionalOnMissingBean (types: org.springframework.web.servlet.view.BeanNameViewResolver; SearchStrategy: all) found beans of type 'org.springframework.web.servlet.view.BeanNameViewResolver' beanNameViewResolver (OnBeanCondition)

   WebServiceTemplateAutoConfiguration:
      Did not match:
         - @ConditionalOnClass did not find required class 'org.springframework.oxm.Marshaller' (OnClassCondition)

   WebServicesAutoConfiguration:
      Did not match:
         - @ConditionalOnClass did not find required class 'org.springframework.ws.transport.http.MessageDispatcherServlet' (OnClassCondition)

   WebSessionIdResolverAutoConfiguration:
      Did not match:
         - @ConditionalOnClass did not find required class 'reactor.core.publisher.Mono' (OnClassCondition)

   WebSocketReactiveAutoConfiguration:
      Did not match:
         - @ConditionalOnWebApplication did not find reactive web application classes (OnWebApplicationCondition)

   WebSocketServletAutoConfiguration.JettyWebSocketConfiguration:
      Did not match:
         - @ConditionalOnClass did not find required class 'org.eclipse.jetty.ee10.websocket.jakarta.server.config.JakartaWebSocketServletContainerInitializer' (OnClassCondition)

   WebSocketServletAutoConfiguration.UndertowWebSocketConfiguration:
      Did not match:
         - @ConditionalOnClass did not find required class 'io.undertow.websockets.jsr.Bootstrap' (OnClassCondition)

   XADataSourceAutoConfiguration:
      Did not match:
         - @ConditionalOnBean (types: org.springframework.boot.jdbc.XADataSourceWrapper; SearchStrategy: all) did not find any beans of type org.springframework.boot.jdbc.XADataSourceWrapper (OnBeanCondition)
      Matched:
         - @ConditionalOnClass found required classes 'javax.sql.DataSource', 'jakarta.transaction.TransactionManager', 'org.springframework.jdbc.datasource.embedded.EmbeddedDatabaseType' (OnClassCondition)


Exclusions:
-----------

    None


Unconditional classes:
----------------------

    org.springframework.boot.autoconfigure.context.ConfigurationPropertiesAutoConfiguration

    org.springframework.boot.autoconfigure.ssl.SslAutoConfiguration

    org.springframework.boot.autoconfigure.context.PropertyPlaceholderAutoConfiguration

    org.springframework.boot.autoconfigure.context.LifecycleAutoConfiguration

    org.springframework.boot.autoconfigure.availability.ApplicationAvailabilityAutoConfiguration

    org.springframework.boot.autoconfigure.info.ProjectInfoAutoConfiguration



2026-07-13T13:50:29.859+07:00  INFO 24988 --- [clinic-management-backend] [           main] c.c.ClinicManagementBackendApplication   : Started ClinicManagementBackendApplication in 21.014 seconds (process running for 21.513)
2026-07-13T13:50:29.862+07:00 DEBUG 24988 --- [clinic-management-backend] [           main] o.s.b.a.ApplicationAvailabilityBean      : Application availability state LivenessState changed to CORRECT
2026-07-13T13:50:29.899+07:00 DEBUG 24988 --- [clinic-management-backend] [           main] o.s.jdbc.core.JdbcTemplate               : Executing prepared SQL query
2026-07-13T13:50:29.900+07:00 DEBUG 24988 --- [clinic-management-backend] [           main] o.s.jdbc.core.JdbcTemplate               : Executing prepared SQL statement [SELECT COUNT(*) FROM system_settings WHERE setting_key = ?]
2026-07-13T13:50:29.907+07:00 DEBUG 24988 --- [clinic-management-backend] [           main] o.s.jdbc.core.JdbcTemplate               : Executing prepared SQL query
2026-07-13T13:50:29.907+07:00 DEBUG 24988 --- [clinic-management-backend] [           main] o.s.jdbc.core.JdbcTemplate               : Executing prepared SQL statement [SELECT COUNT(*) FROM system_settings WHERE setting_key = ?]
2026-07-13T13:50:29.908+07:00 DEBUG 24988 --- [clinic-management-backend] [           main] o.s.jdbc.core.JdbcTemplate               : Executing prepared SQL query
2026-07-13T13:50:29.908+07:00 DEBUG 24988 --- [clinic-management-backend] [           main] o.s.jdbc.core.JdbcTemplate               : Executing prepared SQL statement [SELECT COUNT(*) FROM system_settings WHERE setting_key = ?]
2026-07-13T13:50:29.909+07:00 DEBUG 24988 --- [clinic-management-backend] [           main] o.s.jdbc.core.JdbcTemplate               : Executing prepared SQL query
2026-07-13T13:50:29.910+07:00 DEBUG 24988 --- [clinic-management-backend] [           main] o.s.jdbc.core.JdbcTemplate               : Executing prepared SQL statement [SELECT COUNT(*) FROM system_settings WHERE setting_key = ?]
2026-07-13T13:50:29.959+07:00 DEBUG 24988 --- [clinic-management-backend] [MessageBroker-3] org.hibernate.SQL                        : 
    select
        p1_0.payment_id,
        p1_0.amount,
        p1_0.appointment_id,
        p1_0.confirmed_by,
        p1_0.created_at,
        p1_0.expires_at,
        p1_0.gateway_provider,
        p1_0.gateway_transaction_id,
        p1_0.invoice_id,
        p1_0.paid_at,
        p1_0.paid_by,
        p1_0.payment_code,
        p1_0.payment_method,
        p1_0.payment_type,
        p1_0.status 
    from
        payments p1_0 
    where
        p1_0.status='PENDING' 
        and p1_0.payment_type='DEPOSIT' 
        and p1_0.expires_at is not null 
        and p1_0.expires_at<?
2026-07-13T13:50:29.959+07:00 DEBUG 24988 --- [clinic-management-backend] [MessageBroker-1] org.hibernate.SQL                        : 
    select
        a1_0.appointment_id,
        a1_0.appointment_code,
        a1_0.appointment_date,
        a1_0.booking_type,
        a1_0.cancellation_reason,
        a1_0.cancelled_at,
        a1_0.cancelled_by,
        a1_0.checked_in_at,
        a1_0.checked_in_by,
        a1_0.created_at,
        a1_0.created_by,
        a1_0.department_id,
        a1_0.deposit_amount,
        a1_0.doctor_id,
        a1_0.end_time,
        a1_0.initial_symptoms,
        a1_0.no_show_reason,
        a1_0.patient_id,
        a1_0.reason_for_visit,
        a1_0.reminder_sent,
        a1_0.rescheduled_from_id,
        a1_0.start_time,
        a1_0.status,
        a1_0.slot_id,
        a1_0.updated_at 
    from
        appointments a1_0 
    where
        a1_0.status='CONFIRMED' 
        and a1_0.reminder_sent=false 
        and a1_0.appointment_date=? 
        and a1_0.start_time between ? and ?
2026-07-13T13:50:29.959+07:00 DEBUG 24988 --- [clinic-management-backend] [MessageBroker-2] org.hibernate.SQL                        : 
    select
        ts1_0.slot_id,
        ts1_0.schedule_id,
        ts1_0.end_time,
        ts1_0.locked_by_patient_id,
        ts1_0.locked_until,
        ts1_0.start_time,
        ts1_0.status 
    from
        appointment_slots ts1_0 
    where
        ts1_0.status='LOCKED' 
        and ts1_0.locked_until<?
2026-07-13T13:50:29.968+07:00 DEBUG 24988 --- [clinic-management-backend] [           main] org.hibernate.SQL                        : 
    select
        r1_0.role_id,
        r1_0.description,
        r1_0.role_name 
    from
        roles r1_0 
    where
        r1_0.role_name=?
2026-07-13T13:50:30.003+07:00 DEBUG 24988 --- [clinic-management-backend] [           main] org.hibernate.SQL                        : 
    select
        r1_0.role_id,
        r1_0.description,
        r1_0.role_name 
    from
        roles r1_0 
    where
        r1_0.role_name=?
2026-07-13T13:50:30.007+07:00 DEBUG 24988 --- [clinic-management-backend] [           main] org.hibernate.SQL                        : 
    select
        r1_0.role_id,
        r1_0.description,
        r1_0.role_name 
    from
        roles r1_0 
    where
        r1_0.role_name=?
2026-07-13T13:50:30.010+07:00 DEBUG 24988 --- [clinic-management-backend] [           main] org.hibernate.SQL                        : 
    select
        r1_0.role_id,
        r1_0.description,
        r1_0.role_name 
    from
        roles r1_0 
    where
        r1_0.role_name=?
2026-07-13T13:50:30.011+07:00 DEBUG 24988 --- [clinic-management-backend] [           main] org.hibernate.SQL                        : 
    select
        r1_0.role_id,
        r1_0.description,
        r1_0.role_name 
    from
        roles r1_0 
    where
        r1_0.role_name=?
2026-07-13T13:50:30.014+07:00 DEBUG 24988 --- [clinic-management-backend] [           main] org.hibernate.SQL                        : 
    select
        r1_0.role_id,
        r1_0.description,
        r1_0.role_name 
    from
        roles r1_0 
    where
        r1_0.role_name=?
2026-07-13T13:50:30.022+07:00 DEBUG 24988 --- [clinic-management-backend] [           main] org.hibernate.SQL                        : 
    select
        p1_0.permission_id 
    from
        permissions p1_0 
    where
        p1_0.permission_code=? 
    fetch
        first ? rows only
2026-07-13T13:50:30.026+07:00 DEBUG 24988 --- [clinic-management-backend] [           main] org.hibernate.SQL                        : 
    select
        p1_0.permission_id 
    from
        permissions p1_0 
    where
        p1_0.permission_code=? 
    fetch
        first ? rows only
2026-07-13T13:50:30.028+07:00 DEBUG 24988 --- [clinic-management-backend] [           main] org.hibernate.SQL                        : 
    select
        p1_0.permission_id 
    from
        permissions p1_0 
    where
        p1_0.permission_code=? 
    fetch
        first ? rows only
2026-07-13T13:50:30.031+07:00 DEBUG 24988 --- [clinic-management-backend] [           main] org.hibernate.SQL                        : 
    select
        p1_0.permission_id 
    from
        permissions p1_0 
    where
        p1_0.permission_code=? 
    fetch
        first ? rows only
2026-07-13T13:50:30.033+07:00 DEBUG 24988 --- [clinic-management-backend] [           main] org.hibernate.SQL                        : 
    select
        p1_0.permission_id 
    from
        permissions p1_0 
    where
        p1_0.permission_code=? 
    fetch
        first ? rows only
2026-07-13T13:50:30.035+07:00 DEBUG 24988 --- [clinic-management-backend] [           main] org.hibernate.SQL                        : 
    select
        p1_0.permission_id 
    from
        permissions p1_0 
    where
        p1_0.permission_code=? 
    fetch
        first ? rows only
2026-07-13T13:50:30.036+07:00 DEBUG 24988 --- [clinic-management-backend] [           main] org.hibernate.SQL                        : 
    select
        p1_0.permission_id 
    from
        permissions p1_0 
    where
        p1_0.permission_code=? 
    fetch
        first ? rows only
2026-07-13T13:50:30.038+07:00 DEBUG 24988 --- [clinic-management-backend] [           main] org.hibernate.SQL                        : 
    select
        p1_0.permission_id 
    from
        permissions p1_0 
    where
        p1_0.permission_code=? 
    fetch
        first ? rows only
2026-07-13T13:50:30.041+07:00 DEBUG 24988 --- [clinic-management-backend] [           main] org.hibernate.SQL                        : 
    select
        p1_0.permission_id 
    from
        permissions p1_0 
    where
        p1_0.permission_code=? 
    fetch
        first ? rows only
2026-07-13T13:50:30.044+07:00 DEBUG 24988 --- [clinic-management-backend] [           main] org.hibernate.SQL                        : 
    select
        p1_0.permission_id 
    from
        permissions p1_0 
    where
        p1_0.permission_code=? 
    fetch
        first ? rows only
2026-07-13T13:50:30.046+07:00 DEBUG 24988 --- [clinic-management-backend] [           main] org.hibernate.SQL                        : 
    select
        p1_0.permission_id 
    from
        permissions p1_0 
    where
        p1_0.permission_code=? 
    fetch
        first ? rows only
2026-07-13T13:50:30.048+07:00 DEBUG 24988 --- [clinic-management-backend] [           main] org.hibernate.SQL                        : 
    select
        u1_0.user_id 
    from
        users u1_0 
    where
        u1_0.email=? 
    fetch
        first ? rows only
2026-07-13T13:50:30.050+07:00 DEBUG 24988 --- [clinic-management-backend] [           main] o.s.jdbc.core.JdbcTemplate               : Executing SQL query [SELECT department_id FROM departments WHERE department_name = 'General Medicine']
2026-07-13T13:50:30.053+07:00 DEBUG 24988 --- [clinic-management-backend] [           main] org.hibernate.SQL                        : 
    select
        r1_0.role_id,
        r1_0.description,
        r1_0.role_name 
    from
        roles r1_0 
    where
        r1_0.role_name=?
2026-07-13T13:50:30.056+07:00 DEBUG 24988 --- [clinic-management-backend] [           main] o.s.jdbc.core.JdbcTemplate               : Executing prepared SQL query
2026-07-13T13:50:30.057+07:00 DEBUG 24988 --- [clinic-management-backend] [           main] o.s.jdbc.core.JdbcTemplate               : Executing prepared SQL statement [SELECT user_id FROM users WHERE email = ?]
2026-07-13T13:50:30.058+07:00 DEBUG 24988 --- [clinic-management-backend] [           main] o.s.jdbc.core.JdbcTemplate               : Executing prepared SQL update
2026-07-13T13:50:30.059+07:00 DEBUG 24988 --- [clinic-management-backend] [           main] o.s.jdbc.core.JdbcTemplate               : Executing prepared SQL statement [UPDATE users SET full_name = ?, avatar_url = ? WHERE user_id = ?]
2026-07-13T13:50:30.063+07:00 DEBUG 24988 --- [clinic-management-backend] [           main] o.s.jdbc.core.JdbcTemplate               : Executing prepared SQL query
2026-07-13T13:50:30.064+07:00 DEBUG 24988 --- [clinic-management-backend] [           main] o.s.jdbc.core.JdbcTemplate               : Executing prepared SQL statement [SELECT doctor_id FROM doctors WHERE user_id = ?]
2026-07-13T13:50:30.066+07:00 DEBUG 24988 --- [clinic-management-backend] [           main] o.s.jdbc.core.JdbcTemplate               : Executing prepared SQL update
2026-07-13T13:50:30.066+07:00 DEBUG 24988 --- [clinic-management-backend] [           main] o.s.jdbc.core.JdbcTemplate               : Executing prepared SQL statement [UPDATE doctors SET specialization = ?, years_of_experience = ?, biography = ?, hometown = ? WHERE doctor_id = ?]
2026-07-13T13:50:30.067+07:00 DEBUG 24988 --- [clinic-management-backend] [           main] o.s.jdbc.core.JdbcTemplate               : Executing prepared SQL query
2026-07-13T13:50:30.067+07:00 DEBUG 24988 --- [clinic-management-backend] [           main] o.s.jdbc.core.JdbcTemplate               : Executing prepared SQL statement [SELECT user_id FROM users WHERE email = ?]
2026-07-13T13:50:30.069+07:00 DEBUG 24988 --- [clinic-management-backend] [           main] o.s.jdbc.core.JdbcTemplate               : Executing prepared SQL update
2026-07-13T13:50:30.069+07:00 DEBUG 24988 --- [clinic-management-backend] [           main] o.s.jdbc.core.JdbcTemplate               : Executing prepared SQL statement [UPDATE users SET full_name = ?, avatar_url = ? WHERE user_id = ?]
2026-07-13T13:50:30.070+07:00 DEBUG 24988 --- [clinic-management-backend] [           main] o.s.jdbc.core.JdbcTemplate               : Executing prepared SQL query
2026-07-13T13:50:30.070+07:00 DEBUG 24988 --- [clinic-management-backend] [           main] o.s.jdbc.core.JdbcTemplate               : Executing prepared SQL statement [SELECT doctor_id FROM doctors WHERE user_id = ?]
2026-07-13T13:50:30.071+07:00 DEBUG 24988 --- [clinic-management-backend] [           main] o.s.jdbc.core.JdbcTemplate               : Executing prepared SQL update
2026-07-13T13:50:30.071+07:00 DEBUG 24988 --- [clinic-management-backend] [           main] o.s.jdbc.core.JdbcTemplate               : Executing prepared SQL statement [UPDATE doctors SET specialization = ?, years_of_experience = ?, biography = ?, hometown = ? WHERE doctor_id = ?]
2026-07-13T13:50:30.072+07:00 DEBUG 24988 --- [clinic-management-backend] [           main] o.s.jdbc.core.JdbcTemplate               : Executing prepared SQL query
2026-07-13T13:50:30.072+07:00 DEBUG 24988 --- [clinic-management-backend] [           main] o.s.jdbc.core.JdbcTemplate               : Executing prepared SQL statement [SELECT user_id FROM users WHERE email = ?]
2026-07-13T13:50:30.073+07:00 DEBUG 24988 --- [clinic-management-backend] [           main] o.s.jdbc.core.JdbcTemplate               : Executing prepared SQL update
2026-07-13T13:50:30.073+07:00 DEBUG 24988 --- [clinic-management-backend] [           main] o.s.jdbc.core.JdbcTemplate               : Executing prepared SQL statement [UPDATE users SET full_name = ?, avatar_url = ? WHERE user_id = ?]
2026-07-13T13:50:30.074+07:00 DEBUG 24988 --- [clinic-management-backend] [           main] o.s.jdbc.core.JdbcTemplate               : Executing prepared SQL query
2026-07-13T13:50:30.074+07:00 DEBUG 24988 --- [clinic-management-backend] [           main] o.s.jdbc.core.JdbcTemplate               : Executing prepared SQL statement [SELECT doctor_id FROM doctors WHERE user_id = ?]
2026-07-13T13:50:30.075+07:00 DEBUG 24988 --- [clinic-management-backend] [           main] o.s.jdbc.core.JdbcTemplate               : Executing prepared SQL update
2026-07-13T13:50:30.075+07:00 DEBUG 24988 --- [clinic-management-backend] [           main] o.s.jdbc.core.JdbcTemplate               : Executing prepared SQL statement [UPDATE doctors SET specialization = ?, years_of_experience = ?, biography = ?, hometown = ? WHERE doctor_id = ?]
2026-07-13T13:50:30.077+07:00 DEBUG 24988 --- [clinic-management-backend] [           main] o.s.jdbc.core.JdbcTemplate               : Executing prepared SQL query
2026-07-13T13:50:30.077+07:00 DEBUG 24988 --- [clinic-management-backend] [           main] o.s.jdbc.core.JdbcTemplate               : Executing prepared SQL statement [SELECT user_id FROM users WHERE email = ?]
2026-07-13T13:50:30.078+07:00 DEBUG 24988 --- [clinic-management-backend] [           main] o.s.jdbc.core.JdbcTemplate               : Executing prepared SQL update
2026-07-13T13:50:30.078+07:00 DEBUG 24988 --- [clinic-management-backend] [           main] o.s.jdbc.core.JdbcTemplate               : Executing prepared SQL statement [UPDATE users SET full_name = ?, avatar_url = ? WHERE user_id = ?]
2026-07-13T13:50:30.079+07:00 DEBUG 24988 --- [clinic-management-backend] [           main] o.s.jdbc.core.JdbcTemplate               : Executing prepared SQL query
2026-07-13T13:50:30.079+07:00 DEBUG 24988 --- [clinic-management-backend] [           main] o.s.jdbc.core.JdbcTemplate               : Executing prepared SQL statement [SELECT doctor_id FROM doctors WHERE user_id = ?]
2026-07-13T13:50:30.080+07:00 DEBUG 24988 --- [clinic-management-backend] [           main] o.s.jdbc.core.JdbcTemplate               : Executing prepared SQL update
2026-07-13T13:50:30.081+07:00 DEBUG 24988 --- [clinic-management-backend] [           main] o.s.jdbc.core.JdbcTemplate               : Executing prepared SQL statement [UPDATE doctors SET specialization = ?, years_of_experience = ?, biography = ?, hometown = ? WHERE doctor_id = ?]
2026-07-13T13:50:30.082+07:00 DEBUG 24988 --- [clinic-management-backend] [           main] o.s.jdbc.core.JdbcTemplate               : Executing prepared SQL query
2026-07-13T13:50:30.082+07:00 DEBUG 24988 --- [clinic-management-backend] [           main] o.s.jdbc.core.JdbcTemplate               : Executing prepared SQL statement [SELECT user_id FROM users WHERE email = ?]
2026-07-13T13:50:30.083+07:00 DEBUG 24988 --- [clinic-management-backend] [           main] o.s.jdbc.core.JdbcTemplate               : Executing prepared SQL update
2026-07-13T13:50:30.083+07:00 DEBUG 24988 --- [clinic-management-backend] [           main] o.s.jdbc.core.JdbcTemplate               : Executing prepared SQL statement [UPDATE users SET full_name = ?, avatar_url = ? WHERE user_id = ?]
2026-07-13T13:50:30.085+07:00 DEBUG 24988 --- [clinic-management-backend] [           main] o.s.jdbc.core.JdbcTemplate               : Executing prepared SQL query
2026-07-13T13:50:30.085+07:00 DEBUG 24988 --- [clinic-management-backend] [           main] o.s.jdbc.core.JdbcTemplate               : Executing prepared SQL statement [SELECT doctor_id FROM doctors WHERE user_id = ?]
2026-07-13T13:50:30.086+07:00 DEBUG 24988 --- [clinic-management-backend] [           main] o.s.jdbc.core.JdbcTemplate               : Executing prepared SQL update
2026-07-13T13:50:30.086+07:00 DEBUG 24988 --- [clinic-management-backend] [           main] o.s.jdbc.core.JdbcTemplate               : Executing prepared SQL statement [UPDATE doctors SET specialization = ?, years_of_experience = ?, biography = ?, hometown = ? WHERE doctor_id = ?]
2026-07-13T13:50:30.088+07:00 DEBUG 24988 --- [clinic-management-backend] [           main] o.s.jdbc.core.JdbcTemplate               : Executing SQL query [SELECT doctor_id FROM doctors]

=======================================================
=== D? ÁN CLINIC: DANH SÁCH ID BÁC S? ?ANG CÓ: [9, 5, 6, 8, 10, 11] ===
=======================================================

2026-07-13T13:50:30.092+07:00 DEBUG 24988 --- [clinic-management-backend] [           main] org.hibernate.SQL                        : 
    select
        u1_0.user_id 
    from
        users u1_0 
    where
        u1_0.email=? 
    fetch
        first ? rows only
2026-07-13T13:50:30.094+07:00 DEBUG 24988 --- [clinic-management-backend] [           main] o.s.jdbc.core.JdbcTemplate               : Executing SQL query [SELECT medical_record_id FROM medical_records WHERE consultation_id = 1001]
2026-07-13T13:50:30.095+07:00 DEBUG 24988 --- [clinic-management-backend] [           main] o.s.jdbc.core.JdbcTemplate               : Executing SQL query [SELECT lab_test_id FROM lab_tests]
2026-07-13T13:50:30.096+07:00 DEBUG 24988 --- [clinic-management-backend] [           main] o.s.jdbc.core.JdbcTemplate               : Executing prepared SQL query
2026-07-13T13:50:30.096+07:00 DEBUG 24988 --- [clinic-management-backend] [           main] o.s.jdbc.core.JdbcTemplate               : Executing prepared SQL statement [SELECT service_id FROM medical_services WHERE service_code = ?]
2026-07-13T13:50:30.098+07:00 DEBUG 24988 --- [clinic-management-backend] [           main] o.s.jdbc.core.JdbcTemplate               : Executing prepared SQL query
2026-07-13T13:50:30.098+07:00 DEBUG 24988 --- [clinic-management-backend] [           main] o.s.jdbc.core.JdbcTemplate               : Executing prepared SQL statement [SELECT service_id FROM medical_services WHERE service_code = ?]
2026-07-13T13:50:30.099+07:00 DEBUG 24988 --- [clinic-management-backend] [           main] o.s.jdbc.core.JdbcTemplate               : Executing prepared SQL query
2026-07-13T13:50:30.099+07:00 DEBUG 24988 --- [clinic-management-backend] [           main] o.s.jdbc.core.JdbcTemplate               : Executing prepared SQL statement [SELECT service_id FROM medical_services WHERE service_code = ?]
2026-07-13T13:50:30.100+07:00 DEBUG 24988 --- [clinic-management-backend] [           main] o.s.jdbc.core.JdbcTemplate               : Executing prepared SQL query
2026-07-13T13:50:30.101+07:00 DEBUG 24988 --- [clinic-management-backend] [           main] o.s.jdbc.core.JdbcTemplate               : Executing prepared SQL statement [SELECT service_id FROM medical_services WHERE service_code = ?]
2026-07-13T13:50:30.101+07:00 DEBUG 24988 --- [clinic-management-backend] [           main] o.s.jdbc.core.JdbcTemplate               : Executing prepared SQL query
2026-07-13T13:50:30.102+07:00 DEBUG 24988 --- [clinic-management-backend] [           main] o.s.jdbc.core.JdbcTemplate               : Executing prepared SQL statement [SELECT service_id FROM medical_services WHERE service_code = ?]
2026-07-13T13:50:30.102+07:00 DEBUG 24988 --- [clinic-management-backend] [           main] o.s.jdbc.core.JdbcTemplate               : Executing prepared SQL query
2026-07-13T13:50:30.103+07:00 DEBUG 24988 --- [clinic-management-backend] [           main] o.s.jdbc.core.JdbcTemplate               : Executing prepared SQL statement [SELECT service_id FROM medical_services WHERE service_code = ?]
2026-07-13T13:50:30.113+07:00 DEBUG 24988 --- [clinic-management-backend] [           main] o.s.jdbc.core.JdbcTemplate               : Executing prepared SQL update
2026-07-13T13:50:30.113+07:00 DEBUG 24988 --- [clinic-management-backend] [           main] o.s.jdbc.core.JdbcTemplate               : Executing prepared SQL statement [UPDATE doctors SET biography = ? WHERE doctor_code = ?]
2026-07-13T13:50:30.115+07:00 DEBUG 24988 --- [clinic-management-backend] [           main] o.s.jdbc.core.JdbcTemplate               : Executing prepared SQL update
2026-07-13T13:50:30.115+07:00 DEBUG 24988 --- [clinic-management-backend] [           main] o.s.jdbc.core.JdbcTemplate               : Executing prepared SQL statement [UPDATE doctors SET biography = ? WHERE doctor_code = ?]
2026-07-13T13:50:30.116+07:00 DEBUG 24988 --- [clinic-management-backend] [           main] o.s.jdbc.core.JdbcTemplate               : Executing prepared SQL update
2026-07-13T13:50:30.116+07:00 DEBUG 24988 --- [clinic-management-backend] [           main] o.s.jdbc.core.JdbcTemplate               : Executing prepared SQL statement [UPDATE doctors SET biography = ? WHERE doctor_code = ?]
2026-07-13T13:50:30.117+07:00 DEBUG 24988 --- [clinic-management-backend] [           main] o.s.jdbc.core.JdbcTemplate               : Executing prepared SQL update
2026-07-13T13:50:30.118+07:00 DEBUG 24988 --- [clinic-management-backend] [           main] o.s.jdbc.core.JdbcTemplate               : Executing prepared SQL statement [UPDATE doctors SET biography = ? WHERE doctor_code = ?]
2026-07-13T13:50:30.119+07:00 DEBUG 24988 --- [clinic-management-backend] [           main] o.s.jdbc.core.JdbcTemplate               : Executing prepared SQL update
2026-07-13T13:50:30.119+07:00 DEBUG 24988 --- [clinic-management-backend] [           main] o.s.jdbc.core.JdbcTemplate               : Executing prepared SQL statement [UPDATE doctors SET biography = ? WHERE doctor_code = ?]
2026-07-13T13:50:30.121+07:00 DEBUG 24988 --- [clinic-management-backend] [           main] o.s.b.a.ApplicationAvailabilityBean      : Application availability state ReadinessState changed to ACCEPTING_TRAFFIC
2026-07-13T13:50:31.994+07:00  INFO 24988 --- [clinic-management-backend] [nio-8080-exec-4] o.a.c.c.C.[Tomcat].[localhost].[/api]    : Initializing Spring DispatcherServlet 'dispatcherServlet'
2026-07-13T13:50:31.995+07:00  INFO 24988 --- [clinic-management-backend] [nio-8080-exec-4] o.s.web.servlet.DispatcherServlet        : Initializing Servlet 'dispatcherServlet'
2026-07-13T13:50:31.995+07:00 DEBUG 24988 --- [clinic-management-backend] [nio-8080-exec-4] o.s.web.servlet.DispatcherServlet        : Detected StandardServletMultipartResolver
2026-07-13T13:50:31.996+07:00 DEBUG 24988 --- [clinic-management-backend] [nio-8080-exec-4] o.s.web.servlet.DispatcherServlet        : Detected AcceptHeaderLocaleResolver
2026-07-13T13:50:31.996+07:00 DEBUG 24988 --- [clinic-management-backend] [nio-8080-exec-4] o.s.web.servlet.DispatcherServlet        : Detected FixedThemeResolver
2026-07-13T13:50:31.998+07:00 DEBUG 24988 --- [clinic-management-backend] [nio-8080-exec-4] o.s.web.servlet.DispatcherServlet        : Detected org.springframework.web.servlet.view.DefaultRequestToViewNameTranslator@474d5b03
2026-07-13T13:50:31.998+07:00 DEBUG 24988 --- [clinic-management-backend] [nio-8080-exec-4] o.s.web.servlet.DispatcherServlet        : Detected org.springframework.web.servlet.support.SessionFlashMapManager@45e01ada
2026-07-13T13:50:31.999+07:00 DEBUG 24988 --- [clinic-management-backend] [nio-8080-exec-4] o.s.web.servlet.DispatcherServlet        : enableLoggingRequestDetails='false': request parameters and headers will be masked to prevent unsafe logging of potentially sensitive data
2026-07-13T13:50:31.999+07:00  INFO 24988 --- [clinic-management-backend] [nio-8080-exec-4] o.s.web.servlet.DispatcherServlet        : Completed initialization in 4 ms
2026-07-13T13:50:32.028+07:00 DEBUG 24988 --- [clinic-management-backend] [nio-8080-exec-4] o.s.web.servlet.DispatcherServlet        : GET "/api/doctor-schedules", parameters={}
2026-07-13T13:50:32.031+07:00 DEBUG 24988 --- [clinic-management-backend] [nio-8080-exec-4] s.w.s.m.m.a.RequestMappingHandlerMapping : Mapped to com.clinicmanagement.appointment.DoctorScheduleController#getSchedules(Long, LocalDate, LocalDate, String)
2026-07-13T13:50:32.061+07:00 DEBUG 24988 --- [clinic-management-backend] [nio-8080-exec-4] org.hibernate.SQL                        : 
    select
        ds1_0.schedule_id,
        ds1_0.doctor_id,
        ds1_0.end_time,
        ds1_0.max_patients,
        ds1_0.start_time,
        ds1_0.status,
        ds1_0.work_date 
    from
        doctor_schedules ds1_0 
    order by
        ds1_0.work_date,
        ds1_0.start_time
2026-07-13T13:50:32.090+07:00 DEBUG 24988 --- [clinic-management-backend] [nio-8080-exec-4] org.hibernate.SQL                        : 
    select
        ts1_0.schedule_id,
        ts1_0.slot_id,
        ts1_0.end_time,
        ts1_0.locked_by_patient_id,
        ts1_0.locked_until,
        ts1_0.start_time,
        ts1_0.status 
    from
        appointment_slots ts1_0 
    where
        ts1_0.schedule_id=?
2026-07-13T13:50:32.099+07:00 DEBUG 24988 --- [clinic-management-backend] [nio-8080-exec-4] org.hibernate.SQL                        : 
    select
        ts1_0.schedule_id,
        ts1_0.slot_id,
        ts1_0.end_time,
        ts1_0.locked_by_patient_id,
        ts1_0.locked_until,
        ts1_0.start_time,
        ts1_0.status 
    from
        appointment_slots ts1_0 
    where
        ts1_0.schedule_id=?
2026-07-13T13:50:32.105+07:00 DEBUG 24988 --- [clinic-management-backend] [nio-8080-exec-4] org.hibernate.SQL                        : 
    select
        ts1_0.schedule_id,
        ts1_0.slot_id,
        ts1_0.end_time,
        ts1_0.locked_by_patient_id,
        ts1_0.locked_until,
        ts1_0.start_time,
        ts1_0.status 
    from
        appointment_slots ts1_0 
    where
        ts1_0.schedule_id=?
2026-07-13T13:50:32.109+07:00 DEBUG 24988 --- [clinic-management-backend] [nio-8080-exec-4] org.hibernate.SQL                        : 
    select
        ts1_0.schedule_id,
        ts1_0.slot_id,
        ts1_0.end_time,
        ts1_0.locked_by_patient_id,
        ts1_0.locked_until,
        ts1_0.start_time,
        ts1_0.status 
    from
        appointment_slots ts1_0 
    where
        ts1_0.schedule_id=?
2026-07-13T13:50:32.113+07:00 DEBUG 24988 --- [clinic-management-backend] [nio-8080-exec-4] org.hibernate.SQL                        : 
    select
        ts1_0.schedule_id,
        ts1_0.slot_id,
        ts1_0.end_time,
        ts1_0.locked_by_patient_id,
        ts1_0.locked_until,
        ts1_0.start_time,
        ts1_0.status 
    from
        appointment_slots ts1_0 
    where
        ts1_0.schedule_id=?
2026-07-13T13:50:32.119+07:00 DEBUG 24988 --- [clinic-management-backend] [nio-8080-exec-4] org.hibernate.SQL                        : 
    select
        ts1_0.schedule_id,
        ts1_0.slot_id,
        ts1_0.end_time,
        ts1_0.locked_by_patient_id,
        ts1_0.locked_until,
        ts1_0.start_time,
        ts1_0.status 
    from
        appointment_slots ts1_0 
    where
        ts1_0.schedule_id=?
2026-07-13T13:50:32.122+07:00 DEBUG 24988 --- [clinic-management-backend] [nio-8080-exec-4] org.hibernate.SQL                        : 
    select
        ts1_0.schedule_id,
        ts1_0.slot_id,
        ts1_0.end_time,
        ts1_0.locked_by_patient_id,
        ts1_0.locked_until,
        ts1_0.start_time,
        ts1_0.status 
    from
        appointment_slots ts1_0 
    where
        ts1_0.schedule_id=?
2026-07-13T13:50:32.134+07:00 DEBUG 24988 --- [clinic-management-backend] [nio-8080-exec-4] org.hibernate.SQL                        : 
    select
        ts1_0.schedule_id,
        ts1_0.slot_id,
        ts1_0.end_time,
        ts1_0.locked_by_patient_id,
        ts1_0.locked_until,
        ts1_0.start_time,
        ts1_0.status 
    from
        appointment_slots ts1_0 
    where
        ts1_0.schedule_id=?
2026-07-13T13:50:32.137+07:00 DEBUG 24988 --- [clinic-management-backend] [nio-8080-exec-4] org.hibernate.SQL                        : 
    select
        ts1_0.schedule_id,
        ts1_0.slot_id,
        ts1_0.end_time,
        ts1_0.locked_by_patient_id,
        ts1_0.locked_until,
        ts1_0.start_time,
        ts1_0.status 
    from
        appointment_slots ts1_0 
    where
        ts1_0.schedule_id=?
2026-07-13T13:50:32.138+07:00 DEBUG 24988 --- [clinic-management-backend] [nio-8080-exec-4] org.hibernate.SQL                        : 
    select
        ts1_0.schedule_id,
        ts1_0.slot_id,
        ts1_0.end_time,
        ts1_0.locked_by_patient_id,
        ts1_0.locked_until,
        ts1_0.start_time,
        ts1_0.status 
    from
        appointment_slots ts1_0 
    where
        ts1_0.schedule_id=?
2026-07-13T13:50:32.139+07:00 DEBUG 24988 --- [clinic-management-backend] [nio-8080-exec-4] org.hibernate.SQL                        : 
    select
        ts1_0.schedule_id,
        ts1_0.slot_id,
        ts1_0.end_time,
        ts1_0.locked_by_patient_id,
        ts1_0.locked_until,
        ts1_0.start_time,
        ts1_0.status 
    from
        appointment_slots ts1_0 
    where
        ts1_0.schedule_id=?
2026-07-13T13:50:32.140+07:00 DEBUG 24988 --- [clinic-management-backend] [nio-8080-exec-4] org.hibernate.SQL                        : 
    select
        ts1_0.schedule_id,
        ts1_0.slot_id,
        ts1_0.end_time,
        ts1_0.locked_by_patient_id,
        ts1_0.locked_until,
        ts1_0.start_time,
        ts1_0.status 
    from
        appointment_slots ts1_0 
    where
        ts1_0.schedule_id=?
2026-07-13T13:50:32.141+07:00 DEBUG 24988 --- [clinic-management-backend] [nio-8080-exec-4] org.hibernate.SQL                        : 
    select
        ts1_0.schedule_id,
        ts1_0.slot_id,
        ts1_0.end_time,
        ts1_0.locked_by_patient_id,
        ts1_0.locked_until,
        ts1_0.start_time,
        ts1_0.status 
    from
        appointment_slots ts1_0 
    where
        ts1_0.schedule_id=?
2026-07-13T13:50:32.142+07:00 DEBUG 24988 --- [clinic-management-backend] [nio-8080-exec-4] org.hibernate.SQL                        : 
    select
        ts1_0.schedule_id,
        ts1_0.slot_id,
        ts1_0.end_time,
        ts1_0.locked_by_patient_id,
        ts1_0.locked_until,
        ts1_0.start_time,
        ts1_0.status 
    from
        appointment_slots ts1_0 
    where
        ts1_0.schedule_id=?
2026-07-13T13:50:32.145+07:00 DEBUG 24988 --- [clinic-management-backend] [nio-8080-exec-4] org.hibernate.SQL                        : 
    select
        ts1_0.schedule_id,
        ts1_0.slot_id,
        ts1_0.end_time,
        ts1_0.locked_by_patient_id,
        ts1_0.locked_until,
        ts1_0.start_time,
        ts1_0.status 
    from
        appointment_slots ts1_0 
    where
        ts1_0.schedule_id=?
2026-07-13T13:50:32.152+07:00 DEBUG 24988 --- [clinic-management-backend] [nio-8080-exec-4] org.hibernate.SQL                        : 
    select
        ts1_0.schedule_id,
        ts1_0.slot_id,
        ts1_0.end_time,
        ts1_0.locked_by_patient_id,
        ts1_0.locked_until,
        ts1_0.start_time,
        ts1_0.status 
    from
        appointment_slots ts1_0 
    where
        ts1_0.schedule_id=?
2026-07-13T13:50:32.154+07:00 DEBUG 24988 --- [clinic-management-backend] [nio-8080-exec-4] org.hibernate.SQL                        : 
    select
        ts1_0.schedule_id,
        ts1_0.slot_id,
        ts1_0.end_time,
        ts1_0.locked_by_patient_id,
        ts1_0.locked_until,
        ts1_0.start_time,
        ts1_0.status 
    from
        appointment_slots ts1_0 
    where
        ts1_0.schedule_id=?
2026-07-13T13:50:32.155+07:00 DEBUG 24988 --- [clinic-management-backend] [nio-8080-exec-4] org.hibernate.SQL                        : 
    select
        ts1_0.schedule_id,
        ts1_0.slot_id,
        ts1_0.end_time,
        ts1_0.locked_by_patient_id,
        ts1_0.locked_until,
        ts1_0.start_time,
        ts1_0.status 
    from
        appointment_slots ts1_0 
    where
        ts1_0.schedule_id=?
2026-07-13T13:50:32.157+07:00 DEBUG 24988 --- [clinic-management-backend] [nio-8080-exec-4] org.hibernate.SQL                        : 
    select
        ts1_0.schedule_id,
        ts1_0.slot_id,
        ts1_0.end_time,
        ts1_0.locked_by_patient_id,
        ts1_0.locked_until,
        ts1_0.start_time,
        ts1_0.status 
    from
        appointment_slots ts1_0 
    where
        ts1_0.schedule_id=?
2026-07-13T13:50:32.160+07:00 DEBUG 24988 --- [clinic-management-backend] [nio-8080-exec-4] org.hibernate.SQL                        : 
    select
        ts1_0.schedule_id,
        ts1_0.slot_id,
        ts1_0.end_time,
        ts1_0.locked_by_patient_id,
        ts1_0.locked_until,
        ts1_0.start_time,
        ts1_0.status 
    from
        appointment_slots ts1_0 
    where
        ts1_0.schedule_id=?
2026-07-13T13:50:32.160+07:00 DEBUG 24988 --- [clinic-management-backend] [nio-8080-exec-4] org.hibernate.SQL                        : 
    select
        ts1_0.schedule_id,
        ts1_0.slot_id,
        ts1_0.end_time,
        ts1_0.locked_by_patient_id,
        ts1_0.locked_until,
        ts1_0.start_time,
        ts1_0.status 
    from
        appointment_slots ts1_0 
    where
        ts1_0.schedule_id=?
2026-07-13T13:50:32.162+07:00 DEBUG 24988 --- [clinic-management-backend] [nio-8080-exec-4] org.hibernate.SQL                        : 
    select
        ts1_0.schedule_id,
        ts1_0.slot_id,
        ts1_0.end_time,
        ts1_0.locked_by_patient_id,
        ts1_0.locked_until,
        ts1_0.start_time,
        ts1_0.status 
    from
        appointment_slots ts1_0 
    where
        ts1_0.schedule_id=?
2026-07-13T13:50:32.163+07:00 DEBUG 24988 --- [clinic-management-backend] [nio-8080-exec-4] org.hibernate.SQL                        : 
    select
        ts1_0.schedule_id,
        ts1_0.slot_id,
        ts1_0.end_time,
        ts1_0.locked_by_patient_id,
        ts1_0.locked_until,
        ts1_0.start_time,
        ts1_0.status 
    from
        appointment_slots ts1_0 
    where
        ts1_0.schedule_id=?
2026-07-13T13:50:32.164+07:00 DEBUG 24988 --- [clinic-management-backend] [nio-8080-exec-4] org.hibernate.SQL                        : 
    select
        ts1_0.schedule_id,
        ts1_0.slot_id,
        ts1_0.end_time,
        ts1_0.locked_by_patient_id,
        ts1_0.locked_until,
        ts1_0.start_time,
        ts1_0.status 
    from
        appointment_slots ts1_0 
    where
        ts1_0.schedule_id=?
2026-07-13T13:50:32.166+07:00 DEBUG 24988 --- [clinic-management-backend] [nio-8080-exec-4] org.hibernate.SQL                        : 
    select
        ts1_0.schedule_id,
        ts1_0.slot_id,
        ts1_0.end_time,
        ts1_0.locked_by_patient_id,
        ts1_0.locked_until,
        ts1_0.start_time,
        ts1_0.status 
    from
        appointment_slots ts1_0 
    where
        ts1_0.schedule_id=?
2026-07-13T13:50:32.167+07:00 DEBUG 24988 --- [clinic-management-backend] [nio-8080-exec-4] org.hibernate.SQL                        : 
    select
        ts1_0.schedule_id,
        ts1_0.slot_id,
        ts1_0.end_time,
        ts1_0.locked_by_patient_id,
        ts1_0.locked_until,
        ts1_0.start_time,
        ts1_0.status 
    from
        appointment_slots ts1_0 
    where
        ts1_0.schedule_id=?
2026-07-13T13:50:32.168+07:00 DEBUG 24988 --- [clinic-management-backend] [nio-8080-exec-4] org.hibernate.SQL                        : 
    select
        ts1_0.schedule_id,
        ts1_0.slot_id,
        ts1_0.end_time,
        ts1_0.locked_by_patient_id,
        ts1_0.locked_until,
        ts1_0.start_time,
        ts1_0.status 
    from
        appointment_slots ts1_0 
    where
        ts1_0.schedule_id=?
2026-07-13T13:50:32.169+07:00 DEBUG 24988 --- [clinic-management-backend] [nio-8080-exec-4] org.hibernate.SQL                        : 
    select
        ts1_0.schedule_id,
        ts1_0.slot_id,
        ts1_0.end_time,
        ts1_0.locked_by_patient_id,
        ts1_0.locked_until,
        ts1_0.start_time,
        ts1_0.status 
    from
        appointment_slots ts1_0 
    where
        ts1_0.schedule_id=?
2026-07-13T13:50:32.170+07:00 DEBUG 24988 --- [clinic-management-backend] [nio-8080-exec-4] org.hibernate.SQL                        : 
    select
        ts1_0.schedule_id,
        ts1_0.slot_id,
        ts1_0.end_time,
        ts1_0.locked_by_patient_id,
        ts1_0.locked_until,
        ts1_0.start_time,
        ts1_0.status 
    from
        appointment_slots ts1_0 
    where
        ts1_0.schedule_id=?
2026-07-13T13:50:32.171+07:00 DEBUG 24988 --- [clinic-management-backend] [nio-8080-exec-4] org.hibernate.SQL                        : 
    select
        ts1_0.schedule_id,
        ts1_0.slot_id,
        ts1_0.end_time,
        ts1_0.locked_by_patient_id,
        ts1_0.locked_until,
        ts1_0.start_time,
        ts1_0.status 
    from
        appointment_slots ts1_0 
    where
        ts1_0.schedule_id=?
2026-07-13T13:50:32.173+07:00 DEBUG 24988 --- [clinic-management-backend] [nio-8080-exec-4] org.hibernate.SQL                        : 
    select
        ts1_0.schedule_id,
        ts1_0.slot_id,
        ts1_0.end_time,
        ts1_0.locked_by_patient_id,
        ts1_0.locked_until,
        ts1_0.start_time,
        ts1_0.status 
    from
        appointment_slots ts1_0 
    where
        ts1_0.schedule_id=?
2026-07-13T13:50:32.174+07:00 DEBUG 24988 --- [clinic-management-backend] [nio-8080-exec-4] org.hibernate.SQL                        : 
    select
        ts1_0.schedule_id,
        ts1_0.slot_id,
        ts1_0.end_time,
        ts1_0.locked_by_patient_id,
        ts1_0.locked_until,
        ts1_0.start_time,
        ts1_0.status 
    from
        appointment_slots ts1_0 
    where
        ts1_0.schedule_id=?
2026-07-13T13:50:32.176+07:00 DEBUG 24988 --- [clinic-management-backend] [nio-8080-exec-4] org.hibernate.SQL                        : 
    select
        ts1_0.schedule_id,
        ts1_0.slot_id,
        ts1_0.end_time,
        ts1_0.locked_by_patient_id,
        ts1_0.locked_until,
        ts1_0.start_time,
        ts1_0.status 
    from
        appointment_slots ts1_0 
    where
        ts1_0.schedule_id=?
2026-07-13T13:50:32.177+07:00 DEBUG 24988 --- [clinic-management-backend] [nio-8080-exec-4] org.hibernate.SQL                        : 
    select
        ts1_0.schedule_id,
        ts1_0.slot_id,
        ts1_0.end_time,
        ts1_0.locked_by_patient_id,
        ts1_0.locked_until,
        ts1_0.start_time,
        ts1_0.status 
    from
        appointment_slots ts1_0 
    where
        ts1_0.schedule_id=?
2026-07-13T13:50:32.178+07:00 DEBUG 24988 --- [clinic-management-backend] [nio-8080-exec-4] org.hibernate.SQL                        : 
    select
        ts1_0.schedule_id,
        ts1_0.slot_id,
        ts1_0.end_time,
        ts1_0.locked_by_patient_id,
        ts1_0.locked_until,
        ts1_0.start_time,
        ts1_0.status 
    from
        appointment_slots ts1_0 
    where
        ts1_0.schedule_id=?
2026-07-13T13:50:32.179+07:00 DEBUG 24988 --- [clinic-management-backend] [nio-8080-exec-4] org.hibernate.SQL                        : 
    select
        ts1_0.schedule_id,
        ts1_0.slot_id,
        ts1_0.end_time,
        ts1_0.locked_by_patient_id,
        ts1_0.locked_until,
        ts1_0.start_time,
        ts1_0.status 
    from
        appointment_slots ts1_0 
    where
        ts1_0.schedule_id=?
2026-07-13T13:50:32.180+07:00 DEBUG 24988 --- [clinic-management-backend] [nio-8080-exec-4] org.hibernate.SQL                        : 
    select
        ts1_0.schedule_id,
        ts1_0.slot_id,
        ts1_0.end_time,
        ts1_0.locked_by_patient_id,
        ts1_0.locked_until,
        ts1_0.start_time,
        ts1_0.status 
    from
        appointment_slots ts1_0 
    where
        ts1_0.schedule_id=?
2026-07-13T13:50:32.181+07:00 DEBUG 24988 --- [clinic-management-backend] [nio-8080-exec-4] org.hibernate.SQL                        : 
    select
        ts1_0.schedule_id,
        ts1_0.slot_id,
        ts1_0.end_time,
        ts1_0.locked_by_patient_id,
        ts1_0.locked_until,
        ts1_0.start_time,
        ts1_0.status 
    from
        appointment_slots ts1_0 
    where
        ts1_0.schedule_id=?
2026-07-13T13:50:32.182+07:00 DEBUG 24988 --- [clinic-management-backend] [nio-8080-exec-4] org.hibernate.SQL                        : 
    select
        ts1_0.schedule_id,
        ts1_0.slot_id,
        ts1_0.end_time,
        ts1_0.locked_by_patient_id,
        ts1_0.locked_until,
        ts1_0.start_time,
        ts1_0.status 
    from
        appointment_slots ts1_0 
    where
        ts1_0.schedule_id=?
2026-07-13T13:50:32.183+07:00 DEBUG 24988 --- [clinic-management-backend] [nio-8080-exec-4] org.hibernate.SQL                        : 
    select
        ts1_0.schedule_id,
        ts1_0.slot_id,
        ts1_0.end_time,
        ts1_0.locked_by_patient_id,
        ts1_0.locked_until,
        ts1_0.start_time,
        ts1_0.status 
    from
        appointment_slots ts1_0 
    where
        ts1_0.schedule_id=?
2026-07-13T13:50:32.185+07:00 DEBUG 24988 --- [clinic-management-backend] [nio-8080-exec-4] org.hibernate.SQL                        : 
    select
        ts1_0.schedule_id,
        ts1_0.slot_id,
        ts1_0.end_time,
        ts1_0.locked_by_patient_id,
        ts1_0.locked_until,
        ts1_0.start_time,
        ts1_0.status 
    from
        appointment_slots ts1_0 
    where
        ts1_0.schedule_id=?
2026-07-13T13:50:32.186+07:00 DEBUG 24988 --- [clinic-management-backend] [nio-8080-exec-4] org.hibernate.SQL                        : 
    select
        ts1_0.schedule_id,
        ts1_0.slot_id,
        ts1_0.end_time,
        ts1_0.locked_by_patient_id,
        ts1_0.locked_until,
        ts1_0.start_time,
        ts1_0.status 
    from
        appointment_slots ts1_0 
    where
        ts1_0.schedule_id=?
2026-07-13T13:50:32.187+07:00 DEBUG 24988 --- [clinic-management-backend] [nio-8080-exec-4] org.hibernate.SQL                        : 
    select
        ts1_0.schedule_id,
        ts1_0.slot_id,
        ts1_0.end_time,
        ts1_0.locked_by_patient_id,
        ts1_0.locked_until,
        ts1_0.start_time,
        ts1_0.status 
    from
        appointment_slots ts1_0 
    where
        ts1_0.schedule_id=?
2026-07-13T13:50:32.188+07:00 DEBUG 24988 --- [clinic-management-backend] [nio-8080-exec-4] org.hibernate.SQL                        : 
    select
        ts1_0.schedule_id,
        ts1_0.slot_id,
        ts1_0.end_time,
        ts1_0.locked_by_patient_id,
        ts1_0.locked_until,
        ts1_0.start_time,
        ts1_0.status 
    from
        appointment_slots ts1_0 
    where
        ts1_0.schedule_id=?
2026-07-13T13:50:32.189+07:00 DEBUG 24988 --- [clinic-management-backend] [nio-8080-exec-4] org.hibernate.SQL                        : 
    select
        ts1_0.schedule_id,
        ts1_0.slot_id,
        ts1_0.end_time,
        ts1_0.locked_by_patient_id,
        ts1_0.locked_until,
        ts1_0.start_time,
        ts1_0.status 
    from
        appointment_slots ts1_0 
    where
        ts1_0.schedule_id=?
2026-07-13T13:50:32.191+07:00 DEBUG 24988 --- [clinic-management-backend] [nio-8080-exec-4] org.hibernate.SQL                        : 
    select
        ts1_0.schedule_id,
        ts1_0.slot_id,
        ts1_0.end_time,
        ts1_0.locked_by_patient_id,
        ts1_0.locked_until,
        ts1_0.start_time,
        ts1_0.status 
    from
        appointment_slots ts1_0 
    where
        ts1_0.schedule_id=?
2026-07-13T13:50:32.192+07:00 DEBUG 24988 --- [clinic-management-backend] [nio-8080-exec-4] org.hibernate.SQL                        : 
    select
        ts1_0.schedule_id,
        ts1_0.slot_id,
        ts1_0.end_time,
        ts1_0.locked_by_patient_id,
        ts1_0.locked_until,
        ts1_0.start_time,
        ts1_0.status 
    from
        appointment_slots ts1_0 
    where
        ts1_0.schedule_id=?
2026-07-13T13:50:32.193+07:00 DEBUG 24988 --- [clinic-management-backend] [nio-8080-exec-4] org.hibernate.SQL                        : 
    select
        ts1_0.schedule_id,
        ts1_0.slot_id,
        ts1_0.end_time,
        ts1_0.locked_by_patient_id,
        ts1_0.locked_until,
        ts1_0.start_time,
        ts1_0.status 
    from
        appointment_slots ts1_0 
    where
        ts1_0.schedule_id=?
2026-07-13T13:50:32.194+07:00 DEBUG 24988 --- [clinic-management-backend] [nio-8080-exec-4] org.hibernate.SQL                        : 
    select
        ts1_0.schedule_id,
        ts1_0.slot_id,
        ts1_0.end_time,
        ts1_0.locked_by_patient_id,
        ts1_0.locked_until,
        ts1_0.start_time,
        ts1_0.status 
    from
        appointment_slots ts1_0 
    where
        ts1_0.schedule_id=?
2026-07-13T13:50:32.195+07:00 DEBUG 24988 --- [clinic-management-backend] [nio-8080-exec-4] org.hibernate.SQL                        : 
    select
        ts1_0.schedule_id,
        ts1_0.slot_id,
        ts1_0.end_time,
        ts1_0.locked_by_patient_id,
        ts1_0.locked_until,
        ts1_0.start_time,
        ts1_0.status 
    from
        appointment_slots ts1_0 
    where
        ts1_0.schedule_id=?
2026-07-13T13:50:32.197+07:00 DEBUG 24988 --- [clinic-management-backend] [nio-8080-exec-4] org.hibernate.SQL                        : 
    select
        ts1_0.schedule_id,
        ts1_0.slot_id,
        ts1_0.end_time,
        ts1_0.locked_by_patient_id,
        ts1_0.locked_until,
        ts1_0.start_time,
        ts1_0.status 
    from
        appointment_slots ts1_0 
    where
        ts1_0.schedule_id=?
2026-07-13T13:50:32.198+07:00 DEBUG 24988 --- [clinic-management-backend] [nio-8080-exec-4] org.hibernate.SQL                        : 
    select
        ts1_0.schedule_id,
        ts1_0.slot_id,
        ts1_0.end_time,
        ts1_0.locked_by_patient_id,
        ts1_0.locked_until,
        ts1_0.start_time,
        ts1_0.status 
    from
        appointment_slots ts1_0 
    where
        ts1_0.schedule_id=?
2026-07-13T13:50:32.200+07:00 DEBUG 24988 --- [clinic-management-backend] [nio-8080-exec-4] org.hibernate.SQL                        : 
    select
        ts1_0.schedule_id,
        ts1_0.slot_id,
        ts1_0.end_time,
        ts1_0.locked_by_patient_id,
        ts1_0.locked_until,
        ts1_0.start_time,
        ts1_0.status 
    from
        appointment_slots ts1_0 
    where
        ts1_0.schedule_id=?
2026-07-13T13:50:32.201+07:00 DEBUG 24988 --- [clinic-management-backend] [nio-8080-exec-4] org.hibernate.SQL                        : 
    select
        ts1_0.schedule_id,
        ts1_0.slot_id,
        ts1_0.end_time,
        ts1_0.locked_by_patient_id,
        ts1_0.locked_until,
        ts1_0.start_time,
        ts1_0.status 
    from
        appointment_slots ts1_0 
    where
        ts1_0.schedule_id=?
2026-07-13T13:50:32.208+07:00 DEBUG 24988 --- [clinic-management-backend] [nio-8080-exec-4] org.hibernate.SQL                        : 
    select
        ts1_0.schedule_id,
        ts1_0.slot_id,
        ts1_0.end_time,
        ts1_0.locked_by_patient_id,
        ts1_0.locked_until,
        ts1_0.start_time,
        ts1_0.status 
    from
        appointment_slots ts1_0 
    where
        ts1_0.schedule_id=?
2026-07-13T13:50:32.210+07:00 DEBUG 24988 --- [clinic-management-backend] [nio-8080-exec-4] org.hibernate.SQL                        : 
    select
        ts1_0.schedule_id,
        ts1_0.slot_id,
        ts1_0.end_time,
        ts1_0.locked_by_patient_id,
        ts1_0.locked_until,
        ts1_0.start_time,
        ts1_0.status 
    from
        appointment_slots ts1_0 
    where
        ts1_0.schedule_id=?
2026-07-13T13:50:32.212+07:00 DEBUG 24988 --- [clinic-management-backend] [nio-8080-exec-4] org.hibernate.SQL                        : 
    select
        ts1_0.schedule_id,
        ts1_0.slot_id,
        ts1_0.end_time,
        ts1_0.locked_by_patient_id,
        ts1_0.locked_until,
        ts1_0.start_time,
        ts1_0.status 
    from
        appointment_slots ts1_0 
    where
        ts1_0.schedule_id=?
2026-07-13T13:50:32.213+07:00 DEBUG 24988 --- [clinic-management-backend] [nio-8080-exec-4] org.hibernate.SQL                        : 
    select
        ts1_0.schedule_id,
        ts1_0.slot_id,
        ts1_0.end_time,
        ts1_0.locked_by_patient_id,
        ts1_0.locked_until,
        ts1_0.start_time,
        ts1_0.status 
    from
        appointment_slots ts1_0 
    where
        ts1_0.schedule_id=?
2026-07-13T13:50:32.214+07:00 DEBUG 24988 --- [clinic-management-backend] [nio-8080-exec-4] org.hibernate.SQL                        : 
    select
        ts1_0.schedule_id,
        ts1_0.slot_id,
        ts1_0.end_time,
        ts1_0.locked_by_patient_id,
        ts1_0.locked_until,
        ts1_0.start_time,
        ts1_0.status 
    from
        appointment_slots ts1_0 
    where
        ts1_0.schedule_id=?
2026-07-13T13:50:32.215+07:00 DEBUG 24988 --- [clinic-management-backend] [nio-8080-exec-4] org.hibernate.SQL                        : 
    select
        ts1_0.schedule_id,
        ts1_0.slot_id,
        ts1_0.end_time,
        ts1_0.locked_by_patient_id,
        ts1_0.locked_until,
        ts1_0.start_time,
        ts1_0.status 
    from
        appointment_slots ts1_0 
    where
        ts1_0.schedule_id=?
2026-07-13T13:50:32.216+07:00 DEBUG 24988 --- [clinic-management-backend] [nio-8080-exec-4] org.hibernate.SQL                        : 
    select
        ts1_0.schedule_id,
        ts1_0.slot_id,
        ts1_0.end_time,
        ts1_0.locked_by_patient_id,
        ts1_0.locked_until,
        ts1_0.start_time,
        ts1_0.status 
    from
        appointment_slots ts1_0 
    where
        ts1_0.schedule_id=?
2026-07-13T13:50:32.218+07:00 DEBUG 24988 --- [clinic-management-backend] [nio-8080-exec-4] org.hibernate.SQL                        : 
    select
        ts1_0.schedule_id,
        ts1_0.slot_id,
        ts1_0.end_time,
        ts1_0.locked_by_patient_id,
        ts1_0.locked_until,
        ts1_0.start_time,
        ts1_0.status 
    from
        appointment_slots ts1_0 
    where
        ts1_0.schedule_id=?
2026-07-13T13:50:32.219+07:00 DEBUG 24988 --- [clinic-management-backend] [nio-8080-exec-4] org.hibernate.SQL                        : 
    select
        ts1_0.schedule_id,
        ts1_0.slot_id,
        ts1_0.end_time,
        ts1_0.locked_by_patient_id,
        ts1_0.locked_until,
        ts1_0.start_time,
        ts1_0.status 
    from
        appointment_slots ts1_0 
    where
        ts1_0.schedule_id=?
2026-07-13T13:50:32.220+07:00 DEBUG 24988 --- [clinic-management-backend] [nio-8080-exec-4] org.hibernate.SQL                        : 
    select
        ts1_0.schedule_id,
        ts1_0.slot_id,
        ts1_0.end_time,
        ts1_0.locked_by_patient_id,
        ts1_0.locked_until,
        ts1_0.start_time,
        ts1_0.status 
    from
        appointment_slots ts1_0 
    where
        ts1_0.schedule_id=?
2026-07-13T13:50:32.222+07:00 DEBUG 24988 --- [clinic-management-backend] [nio-8080-exec-4] org.hibernate.SQL                        : 
    select
        ts1_0.schedule_id,
        ts1_0.slot_id,
        ts1_0.end_time,
        ts1_0.locked_by_patient_id,
        ts1_0.locked_until,
        ts1_0.start_time,
        ts1_0.status 
    from
        appointment_slots ts1_0 
    where
        ts1_0.schedule_id=?
2026-07-13T13:50:32.223+07:00 DEBUG 24988 --- [clinic-management-backend] [nio-8080-exec-4] org.hibernate.SQL                        : 
    select
        ts1_0.schedule_id,
        ts1_0.slot_id,
        ts1_0.end_time,
        ts1_0.locked_by_patient_id,
        ts1_0.locked_until,
        ts1_0.start_time,
        ts1_0.status 
    from
        appointment_slots ts1_0 
    where
        ts1_0.schedule_id=?
2026-07-13T13:50:32.224+07:00 DEBUG 24988 --- [clinic-management-backend] [nio-8080-exec-4] org.hibernate.SQL                        : 
    select
        ts1_0.schedule_id,
        ts1_0.slot_id,
        ts1_0.end_time,
        ts1_0.locked_by_patient_id,
        ts1_0.locked_until,
        ts1_0.start_time,
        ts1_0.status 
    from
        appointment_slots ts1_0 
    where
        ts1_0.schedule_id=?
2026-07-13T13:50:32.225+07:00 DEBUG 24988 --- [clinic-management-backend] [nio-8080-exec-4] org.hibernate.SQL                        : 
    select
        ts1_0.schedule_id,
        ts1_0.slot_id,
        ts1_0.end_time,
        ts1_0.locked_by_patient_id,
        ts1_0.locked_until,
        ts1_0.start_time,
        ts1_0.status 
    from
        appointment_slots ts1_0 
    where
        ts1_0.schedule_id=?
2026-07-13T13:50:32.227+07:00 DEBUG 24988 --- [clinic-management-backend] [nio-8080-exec-4] org.hibernate.SQL                        : 
    select
        ts1_0.schedule_id,
        ts1_0.slot_id,
        ts1_0.end_time,
        ts1_0.locked_by_patient_id,
        ts1_0.locked_until,
        ts1_0.start_time,
        ts1_0.status 
    from
        appointment_slots ts1_0 
    where
        ts1_0.schedule_id=?
2026-07-13T13:50:32.228+07:00 DEBUG 24988 --- [clinic-management-backend] [nio-8080-exec-4] org.hibernate.SQL                        : 
    select
        ts1_0.schedule_id,
        ts1_0.slot_id,
        ts1_0.end_time,
        ts1_0.locked_by_patient_id,
        ts1_0.locked_until,
        ts1_0.start_time,
        ts1_0.status 
    from
        appointment_slots ts1_0 
    where
        ts1_0.schedule_id=?
2026-07-13T13:50:32.229+07:00 DEBUG 24988 --- [clinic-management-backend] [nio-8080-exec-4] org.hibernate.SQL                        : 
    select
        ts1_0.schedule_id,
        ts1_0.slot_id,
        ts1_0.end_time,
        ts1_0.locked_by_patient_id,
        ts1_0.locked_until,
        ts1_0.start_time,
        ts1_0.status 
    from
        appointment_slots ts1_0 
    where
        ts1_0.schedule_id=?
2026-07-13T13:50:32.230+07:00 DEBUG 24988 --- [clinic-management-backend] [nio-8080-exec-4] org.hibernate.SQL                        : 
    select
        ts1_0.schedule_id,
        ts1_0.slot_id,
        ts1_0.end_time,
        ts1_0.locked_by_patient_id,
        ts1_0.locked_until,
        ts1_0.start_time,
        ts1_0.status 
    from
        appointment_slots ts1_0 
    where
        ts1_0.schedule_id=?
2026-07-13T13:50:32.231+07:00 DEBUG 24988 --- [clinic-management-backend] [nio-8080-exec-4] org.hibernate.SQL                        : 
    select
        ts1_0.schedule_id,
        ts1_0.slot_id,
        ts1_0.end_time,
        ts1_0.locked_by_patient_id,
        ts1_0.locked_until,
        ts1_0.start_time,
        ts1_0.status 
    from
        appointment_slots ts1_0 
    where
        ts1_0.schedule_id=?
2026-07-13T13:50:32.232+07:00 DEBUG 24988 --- [clinic-management-backend] [nio-8080-exec-4] org.hibernate.SQL                        : 
    select
        ts1_0.schedule_id,
        ts1_0.slot_id,
        ts1_0.end_time,
        ts1_0.locked_by_patient_id,
        ts1_0.locked_until,
        ts1_0.start_time,
        ts1_0.status 
    from
        appointment_slots ts1_0 
    where
        ts1_0.schedule_id=?
2026-07-13T13:50:32.234+07:00 DEBUG 24988 --- [clinic-management-backend] [nio-8080-exec-4] org.hibernate.SQL                        : 
    select
        ts1_0.schedule_id,
        ts1_0.slot_id,
        ts1_0.end_time,
        ts1_0.locked_by_patient_id,
        ts1_0.locked_until,
        ts1_0.start_time,
        ts1_0.status 
    from
        appointment_slots ts1_0 
    where
        ts1_0.schedule_id=?
2026-07-13T13:50:32.235+07:00 DEBUG 24988 --- [clinic-management-backend] [nio-8080-exec-4] org.hibernate.SQL                        : 
    select
        ts1_0.schedule_id,
        ts1_0.slot_id,
        ts1_0.end_time,
        ts1_0.locked_by_patient_id,
        ts1_0.locked_until,
        ts1_0.start_time,
        ts1_0.status 
    from
        appointment_slots ts1_0 
    where
        ts1_0.schedule_id=?
2026-07-13T13:50:32.237+07:00 DEBUG 24988 --- [clinic-management-backend] [nio-8080-exec-4] org.hibernate.SQL                        : 
    select
        ts1_0.schedule_id,
        ts1_0.slot_id,
        ts1_0.end_time,
        ts1_0.locked_by_patient_id,
        ts1_0.locked_until,
        ts1_0.start_time,
        ts1_0.status 
    from
        appointment_slots ts1_0 
    where
        ts1_0.schedule_id=?
2026-07-13T13:50:32.238+07:00 DEBUG 24988 --- [clinic-management-backend] [nio-8080-exec-4] org.hibernate.SQL                        : 
    select
        ts1_0.schedule_id,
        ts1_0.slot_id,
        ts1_0.end_time,
        ts1_0.locked_by_patient_id,
        ts1_0.locked_until,
        ts1_0.start_time,
        ts1_0.status 
    from
        appointment_slots ts1_0 
    where
        ts1_0.schedule_id=?
2026-07-13T13:50:32.239+07:00 DEBUG 24988 --- [clinic-management-backend] [nio-8080-exec-4] org.hibernate.SQL                        : 
    select
        ts1_0.schedule_id,
        ts1_0.slot_id,
        ts1_0.end_time,
        ts1_0.locked_by_patient_id,
        ts1_0.locked_until,
        ts1_0.start_time,
        ts1_0.status 
    from
        appointment_slots ts1_0 
    where
        ts1_0.schedule_id=?
2026-07-13T13:50:32.241+07:00 DEBUG 24988 --- [clinic-management-backend] [nio-8080-exec-4] org.hibernate.SQL                        : 
    select
        ts1_0.schedule_id,
        ts1_0.slot_id,
        ts1_0.end_time,
        ts1_0.locked_by_patient_id,
        ts1_0.locked_until,
        ts1_0.start_time,
        ts1_0.status 
    from
        appointment_slots ts1_0 
    where
        ts1_0.schedule_id=?
2026-07-13T13:50:32.242+07:00 DEBUG 24988 --- [clinic-management-backend] [nio-8080-exec-4] org.hibernate.SQL                        : 
    select
        ts1_0.schedule_id,
        ts1_0.slot_id,
        ts1_0.end_time,
        ts1_0.locked_by_patient_id,
        ts1_0.locked_until,
        ts1_0.start_time,
        ts1_0.status 
    from
        appointment_slots ts1_0 
    where
        ts1_0.schedule_id=?
2026-07-13T13:50:32.243+07:00 DEBUG 24988 --- [clinic-management-backend] [nio-8080-exec-4] org.hibernate.SQL                        : 
    select
        ts1_0.schedule_id,
        ts1_0.slot_id,
        ts1_0.end_time,
        ts1_0.locked_by_patient_id,
        ts1_0.locked_until,
        ts1_0.start_time,
        ts1_0.status 
    from
        appointment_slots ts1_0 
    where
        ts1_0.schedule_id=?
2026-07-13T13:50:32.244+07:00 DEBUG 24988 --- [clinic-management-backend] [nio-8080-exec-4] org.hibernate.SQL                        : 
    select
        ts1_0.schedule_id,
        ts1_0.slot_id,
        ts1_0.end_time,
        ts1_0.locked_by_patient_id,
        ts1_0.locked_until,
        ts1_0.start_time,
        ts1_0.status 
    from
        appointment_slots ts1_0 
    where
        ts1_0.schedule_id=?
2026-07-13T13:50:32.310+07:00 DEBUG 24988 --- [clinic-management-backend] [nio-8080-exec-4] o.s.w.s.m.m.a.HttpEntityMethodProcessor  : Using 'application/json', given [*/*] and supported [application/json, application/*+json]
2026-07-13T13:50:32.320+07:00 DEBUG 24988 --- [clinic-management-backend] [nio-8080-exec-4] o.s.w.s.m.m.a.HttpEntityMethodProcessor  : Writing [ApiResponse[success=true, message=Success, data=[DoctorScheduleResponse[scheduleId=12, doctorId=5, w (truncated)...]
2026-07-13T13:50:32.350+07:00 DEBUG 24988 --- [clinic-management-backend] [nio-8080-exec-4] o.s.web.servlet.DispatcherServlet        : Completed 200 OK
2026-07-13T13:50:35.982+07:00 DEBUG 24988 --- [clinic-management-backend] [nio-8080-exec-6] org.hibernate.SQL                        : 
    select
        u1_0.user_id,
        u1_0.auth_provider,
        u1_0.avatar_url,
        u1_0.created_at,
        u1_0.email,
        u1_0.full_name,
        u1_0.password_hash,
        u1_0.phone,
        u1_0.provider_id,
        u1_0.status,
        u1_0.updated_at 
    from
        users u1_0 
    where
        u1_0.email=?
2026-07-13T13:50:35.986+07:00 DEBUG 24988 --- [clinic-management-backend] [nio-8080-exec-6] org.hibernate.SQL                        : 
    select
        r1_0.user_id,
        r1_1.role_id,
        r1_1.description,
        r1_1.role_name 
    from
        user_roles r1_0 
    join
        roles r1_1 
            on r1_1.role_id=r1_0.role_id 
    where
        r1_0.user_id=?
2026-07-13T13:50:35.997+07:00 DEBUG 24988 --- [clinic-management-backend] [nio-8080-exec-6] o.s.web.servlet.DispatcherServlet        : GET "/api/notifications/unread-count", parameters={}
2026-07-13T13:50:35.997+07:00 DEBUG 24988 --- [clinic-management-backend] [nio-8080-exec-6] s.w.s.m.m.a.RequestMappingHandlerMapping : Mapped to com.clinicmanagement.notification.NotificationController#getUnreadCount(CustomUserDetails)
2026-07-13T13:50:36.046+07:00 DEBUG 24988 --- [clinic-management-backend] [nio-8080-exec-6] org.hibernate.SQL                        : 
    select
        count(n1_0.notification_id) 
    from
        notifications n1_0 
    left join
        users u1_0 
            on u1_0.user_id=n1_0.user_id 
    where
        u1_0.user_id=? 
        and not(n1_0.is_read)
2026-07-13T13:50:36.050+07:00 DEBUG 24988 --- [clinic-management-backend] [nio-8080-exec-6] o.s.w.s.m.m.a.HttpEntityMethodProcessor  : Using 'application/json', given [application/json, text/plain, */*] and supported [application/json, application/*+json]
2026-07-13T13:50:36.051+07:00 DEBUG 24988 --- [clinic-management-backend] [nio-8080-exec-6] o.s.w.s.m.m.a.HttpEntityMethodProcessor  : Writing [ApiResponse[success=true, message=Success, data=0, errors=null]]
2026-07-13T13:50:36.053+07:00 DEBUG 24988 --- [clinic-management-backend] [nio-8080-exec-6] o.s.web.servlet.DispatcherServlet        : Completed 200 OK
2026-07-13T13:50:36.071+07:00 DEBUG 24988 --- [clinic-management-backend] [nio-8080-exec-8] org.hibernate.SQL                        : 
    select
        u1_0.user_id,
        u1_0.auth_provider,
        u1_0.avatar_url,
        u1_0.created_at,
        u1_0.email,
        u1_0.full_name,
        u1_0.password_hash,
        u1_0.phone,
        u1_0.provider_id,
        u1_0.status,
        u1_0.updated_at 
    from
        users u1_0 
    where
        u1_0.email=?
2026-07-13T13:50:36.073+07:00 DEBUG 24988 --- [clinic-management-backend] [nio-8080-exec-8] org.hibernate.SQL                        : 
    select
        r1_0.user_id,
        r1_1.role_id,
        r1_1.description,
        r1_1.role_name 
    from
        user_roles r1_0 
    join
        roles r1_1 
            on r1_1.role_id=r1_0.role_id 
    where
        r1_0.user_id=?
2026-07-13T13:50:36.079+07:00 DEBUG 24988 --- [clinic-management-backend] [nio-8080-exec-8] o.s.web.servlet.DispatcherServlet        : GET "/api/notifications?page=0&size=5", parameters={masked}
2026-07-13T13:50:36.079+07:00 DEBUG 24988 --- [clinic-management-backend] [nio-8080-exec-8] s.w.s.m.m.a.RequestMappingHandlerMapping : Mapped to com.clinicmanagement.notification.NotificationController#getMyNotifications(int, int, CustomUserDetails)
2026-07-13T13:50:36.088+07:00 DEBUG 24988 --- [clinic-management-backend] [nio-8080-exec-8] org.hibernate.SQL                        : 
    select
        n1_0.notification_id,
        n1_0.created_at,
        n1_0.is_read,
        n1_0.message,
        n1_0.title,
        n1_0.type,
        n1_0.user_id 
    from
        notifications n1_0 
    left join
        users u1_0 
            on u1_0.user_id=n1_0.user_id 
    where
        u1_0.user_id=? 
    order by
        n1_0.created_at desc,
        n1_0.created_at desc 
    fetch
        first ? rows only
2026-07-13T13:50:36.096+07:00 DEBUG 24988 --- [clinic-management-backend] [nio-8080-exec-8] o.s.w.s.m.m.a.HttpEntityMethodProcessor  : Using 'application/json', given [application/json, text/plain, */*] and supported [application/json, application/*+json]
2026-07-13T13:50:36.100+07:00 DEBUG 24988 --- [clinic-management-backend] [nio-8080-exec-8] o.s.w.s.m.m.a.HttpEntityMethodProcessor  : Writing [ApiResponse[success=true, message=Success, data=PageResponse[content=[], page=0, size=5, totalElemen (truncated)...]
2026-07-13T13:50:36.111+07:00 DEBUG 24988 --- [clinic-management-backend] [nio-8080-exec-8] o.s.web.servlet.DispatcherServlet        : Completed 200 OK
2026-07-13T13:51:29.802+07:00  INFO 24988 --- [clinic-management-backend] [MessageBroker-4] o.s.w.s.c.WebSocketMessageBrokerStats    : WebSocketSession[0 current WS(0)-HttpStream(0)-HttpPoll(0), 0 total, 0 closed abnormally (0 connect failure, 0 send limit, 0 transport error)], stompSubProtocol[processed CONNECT(0)-CONNECTED(0)-DISCONNECT(0)], stompBrokerRelay[null], inboundChannel[pool size = 0, active threads = 0, queued tasks = 0, completed tasks = 0], outboundChannel[pool size = 0, active threads = 0, queued tasks = 0, completed tasks = 0], sockJsScheduler[pool size = 8, active threads = 1, queued tasks = 4, completed tasks = 3]
2026-07-13T13:51:30.006+07:00 DEBUG 24988 --- [clinic-management-backend] [MessageBroker-2] org.hibernate.SQL                        : 
    select
        p1_0.payment_id,
        p1_0.amount,
        p1_0.appointment_id,
        p1_0.confirmed_by,
        p1_0.created_at,
        p1_0.expires_at,
        p1_0.gateway_provider,
        p1_0.gateway_transaction_id,
        p1_0.invoice_id,
        p1_0.paid_at,
        p1_0.paid_by,
        p1_0.payment_code,
        p1_0.payment_method,
        p1_0.payment_type,
        p1_0.status 
    from
        payments p1_0 
    where
        p1_0.status='PENDING' 
        and p1_0.payment_type='DEPOSIT' 
        and p1_0.expires_at is not null 
        and p1_0.expires_at<?
2026-07-13T13:51:30.006+07:00 DEBUG 24988 --- [clinic-management-backend] [MessageBroker-1] org.hibernate.SQL                        : 
    select
        ts1_0.slot_id,
        ts1_0.schedule_id,
        ts1_0.end_time,
        ts1_0.locked_by_patient_id,
        ts1_0.locked_until,
        ts1_0.start_time,
        ts1_0.status 
    from
        appointment_slots ts1_0 
    where
        ts1_0.status='LOCKED' 
        and ts1_0.locked_until<?
2026-07-13T13:51:30.006+07:00 DEBUG 24988 --- [clinic-management-backend] [MessageBroker-5] org.hibernate.SQL                        : 
    select
        a1_0.appointment_id,
        a1_0.appointment_code,
        a1_0.appointment_date,
        a1_0.booking_type,
        a1_0.cancellation_reason,
        a1_0.cancelled_at,
        a1_0.cancelled_by,
        a1_0.checked_in_at,
        a1_0.checked_in_by,
        a1_0.created_at,
        a1_0.created_by,
        a1_0.department_id,
        a1_0.deposit_amount,
        a1_0.doctor_id,
        a1_0.end_time,
        a1_0.initial_symptoms,
        a1_0.no_show_reason,
        a1_0.patient_id,
        a1_0.reason_for_visit,
        a1_0.reminder_sent,
        a1_0.rescheduled_from_id,
        a1_0.start_time,
        a1_0.status,
        a1_0.slot_id,
        a1_0.updated_at 
    from
        appointments a1_0 
    where
        a1_0.status='CONFIRMED' 
        and a1_0.reminder_sent=false 
        and a1_0.appointment_date=? 
        and a1_0.start_time between ? and ?
2026-07-13T13:52:00.830+07:00 DEBUG 24988 --- [clinic-management-backend] [nio-8080-exec-6] org.hibernate.SQL                        : 
    select
        u1_0.user_id,
        u1_0.auth_provider,
        u1_0.avatar_url,
        u1_0.created_at,
        u1_0.email,
        u1_0.full_name,
        u1_0.password_hash,
        u1_0.phone,
        u1_0.provider_id,
        u1_0.status,
        u1_0.updated_at 
    from
        users u1_0 
    where
        u1_0.email=?
2026-07-13T13:52:00.833+07:00 DEBUG 24988 --- [clinic-management-backend] [nio-8080-exec-6] org.hibernate.SQL                        : 
    select
        r1_0.user_id,
        r1_1.role_id,
        r1_1.description,
        r1_1.role_name 
    from
        user_roles r1_0 
    join
        roles r1_1 
            on r1_1.role_id=r1_0.role_id 
    where
        r1_0.user_id=?
2026-07-13T13:52:00.836+07:00 DEBUG 24988 --- [clinic-management-backend] [nio-8080-exec-6] o.s.web.servlet.DispatcherServlet        : GET "/api/notifications/unread-count", parameters={}
2026-07-13T13:52:00.837+07:00 DEBUG 24988 --- [clinic-management-backend] [nio-8080-exec-6] s.w.s.m.m.a.RequestMappingHandlerMapping : Mapped to com.clinicmanagement.notification.NotificationController#getUnreadCount(CustomUserDetails)
2026-07-13T13:52:00.840+07:00 DEBUG 24988 --- [clinic-management-backend] [nio-8080-exec-6] org.hibernate.SQL                        : 
    select
        count(n1_0.notification_id) 
    from
        notifications n1_0 
    left join
        users u1_0 
            on u1_0.user_id=n1_0.user_id 
    where
        u1_0.user_id=? 
        and not(n1_0.is_read)
2026-07-13T13:52:00.842+07:00 DEBUG 24988 --- [clinic-management-backend] [nio-8080-exec-6] o.s.w.s.m.m.a.HttpEntityMethodProcessor  : Using 'application/json', given [application/json, text/plain, */*] and supported [application/json, application/*+json]
2026-07-13T13:52:00.842+07:00 DEBUG 24988 --- [clinic-management-backend] [nio-8080-exec-6] o.s.w.s.m.m.a.HttpEntityMethodProcessor  : Writing [ApiResponse[success=true, message=Success, data=0, errors=null]]
2026-07-13T13:52:00.843+07:00 DEBUG 24988 --- [clinic-management-backend] [nio-8080-exec-6] o.s.web.servlet.DispatcherServlet        : Completed 200 OK
2026-07-13T13:52:00.859+07:00 DEBUG 24988 --- [clinic-management-backend] [nio-8080-exec-8] org.hibernate.SQL                        : 
    select
        u1_0.user_id,
        u1_0.auth_provider,
        u1_0.avatar_url,
        u1_0.created_at,
        u1_0.email,
        u1_0.full_name,
        u1_0.password_hash,
        u1_0.phone,
        u1_0.provider_id,
        u1_0.status,
        u1_0.updated_at 
    from
        users u1_0 
    where
        u1_0.email=?
2026-07-13T13:52:00.861+07:00 DEBUG 24988 --- [clinic-management-backend] [nio-8080-exec-8] org.hibernate.SQL                        : 
    select
        r1_0.user_id,
        r1_1.role_id,
        r1_1.description,
        r1_1.role_name 
    from
        user_roles r1_0 
    join
        roles r1_1 
            on r1_1.role_id=r1_0.role_id 
    where
        r1_0.user_id=?
2026-07-13T13:52:00.865+07:00 DEBUG 24988 --- [clinic-management-backend] [nio-8080-exec-8] o.s.web.servlet.DispatcherServlet        : GET "/api/notifications?page=0&size=5", parameters={masked}
2026-07-13T13:52:00.866+07:00 DEBUG 24988 --- [clinic-management-backend] [nio-8080-exec-8] s.w.s.m.m.a.RequestMappingHandlerMapping : Mapped to com.clinicmanagement.notification.NotificationController#getMyNotifications(int, int, CustomUserDetails)
2026-07-13T13:52:00.871+07:00 DEBUG 24988 --- [clinic-management-backend] [nio-8080-exec-8] org.hibernate.SQL                        : 
    select
        n1_0.notification_id,
        n1_0.created_at,
        n1_0.is_read,
        n1_0.message,
        n1_0.title,
        n1_0.type,
        n1_0.user_id 
    from
        notifications n1_0 
    left join
        users u1_0 
            on u1_0.user_id=n1_0.user_id 
    where
        u1_0.user_id=? 
    order by
        n1_0.created_at desc,
        n1_0.created_at desc 
    fetch
        first ? rows only
2026-07-13T13:52:00.873+07:00 DEBUG 24988 --- [clinic-management-backend] [nio-8080-exec-8] o.s.w.s.m.m.a.HttpEntityMethodProcessor  : Using 'application/json', given [application/json, text/plain, */*] and supported [application/json, application/*+json]
2026-07-13T13:52:00.873+07:00 DEBUG 24988 --- [clinic-management-backend] [nio-8080-exec-8] o.s.w.s.m.m.a.HttpEntityMethodProcessor  : Writing [ApiResponse[success=true, message=Success, data=PageResponse[content=[], page=0, size=5, totalElemen (truncated)...]
2026-07-13T13:52:00.874+07:00 DEBUG 24988 --- [clinic-management-backend] [nio-8080-exec-8] o.s.web.servlet.DispatcherServlet        : Completed 200 OK
2026-07-13T13:52:30.012+07:00 DEBUG 24988 --- [clinic-management-backend] [MessageBroker-4] org.hibernate.SQL                        : 
    select
        ts1_0.slot_id,
        ts1_0.schedule_id,
        ts1_0.end_time,
        ts1_0.locked_by_patient_id,
        ts1_0.locked_until,
        ts1_0.start_time,
        ts1_0.status 
    from
        appointment_slots ts1_0 
    where
        ts1_0.status='LOCKED' 
        and ts1_0.locked_until<?
2026-07-13T13:52:30.012+07:00 DEBUG 24988 --- [clinic-management-backend] [MessageBroker-8] org.hibernate.SQL                        : 
    select
        a1_0.appointment_id,
        a1_0.appointment_code,
        a1_0.appointment_date,
        a1_0.booking_type,
        a1_0.cancellation_reason,
        a1_0.cancelled_at,
        a1_0.cancelled_by,
        a1_0.checked_in_at,
        a1_0.checked_in_by,
        a1_0.created_at,
        a1_0.created_by,
        a1_0.department_id,
        a1_0.deposit_amount,
        a1_0.doctor_id,
        a1_0.end_time,
        a1_0.initial_symptoms,
        a1_0.no_show_reason,
        a1_0.patient_id,
        a1_0.reason_for_visit,
        a1_0.reminder_sent,
        a1_0.rescheduled_from_id,
        a1_0.start_time,
        a1_0.status,
        a1_0.slot_id,
        a1_0.updated_at 
    from
        appointments a1_0 
    where
        a1_0.status='CONFIRMED' 
        and a1_0.reminder_sent=false 
        and a1_0.appointment_date=? 
        and a1_0.start_time between ? and ?
2026-07-13T13:52:30.012+07:00 DEBUG 24988 --- [clinic-management-backend] [MessageBroker-7] org.hibernate.SQL                        : 
    select
        p1_0.payment_id,
        p1_0.amount,
        p1_0.appointment_id,
        p1_0.confirmed_by,
        p1_0.created_at,
        p1_0.expires_at,
        p1_0.gateway_provider,
        p1_0.gateway_transaction_id,
        p1_0.invoice_id,
        p1_0.paid_at,
        p1_0.paid_by,
        p1_0.payment_code,
        p1_0.payment_method,
        p1_0.payment_type,
        p1_0.status 
    from
        payments p1_0 
    where
        p1_0.status='PENDING' 
        and p1_0.payment_type='DEPOSIT' 
        and p1_0.expires_at is not null 
        and p1_0.expires_at<?
2026-07-13T13:53:00.832+07:00 DEBUG 24988 --- [clinic-management-backend] [io-8080-exec-10] org.hibernate.SQL                        : 
    select
        u1_0.user_id,
        u1_0.auth_provider,
        u1_0.avatar_url,
        u1_0.created_at,
        u1_0.email,
        u1_0.full_name,
        u1_0.password_hash,
        u1_0.phone,
        u1_0.provider_id,
        u1_0.status,
        u1_0.updated_at 
    from
        users u1_0 
    where
        u1_0.email=?
2026-07-13T13:53:00.834+07:00 DEBUG 24988 --- [clinic-management-backend] [io-8080-exec-10] org.hibernate.SQL                        : 
    select
        r1_0.user_id,
        r1_1.role_id,
        r1_1.description,
        r1_1.role_name 
    from
        user_roles r1_0 
    join
        roles r1_1 
            on r1_1.role_id=r1_0.role_id 
    where
        r1_0.user_id=?
2026-07-13T13:53:00.838+07:00 DEBUG 24988 --- [clinic-management-backend] [io-8080-exec-10] o.s.web.servlet.DispatcherServlet        : GET "/api/notifications/unread-count", parameters={}
2026-07-13T13:53:00.838+07:00 DEBUG 24988 --- [clinic-management-backend] [io-8080-exec-10] s.w.s.m.m.a.RequestMappingHandlerMapping : Mapped to com.clinicmanagement.notification.NotificationController#getUnreadCount(CustomUserDetails)
2026-07-13T13:53:00.840+07:00 DEBUG 24988 --- [clinic-management-backend] [io-8080-exec-10] org.hibernate.SQL                        : 
    select
        count(n1_0.notification_id) 
    from
        notifications n1_0 
    left join
        users u1_0 
            on u1_0.user_id=n1_0.user_id 
    where
        u1_0.user_id=? 
        and not(n1_0.is_read)
2026-07-13T13:53:00.843+07:00 DEBUG 24988 --- [clinic-management-backend] [io-8080-exec-10] o.s.w.s.m.m.a.HttpEntityMethodProcessor  : Using 'application/json', given [application/json, text/plain, */*] and supported [application/json, application/*+json]
2026-07-13T13:53:00.843+07:00 DEBUG 24988 --- [clinic-management-backend] [io-8080-exec-10] o.s.w.s.m.m.a.HttpEntityMethodProcessor  : Writing [ApiResponse[success=true, message=Success, data=0, errors=null]]
2026-07-13T13:53:00.844+07:00 DEBUG 24988 --- [clinic-management-backend] [io-8080-exec-10] o.s.web.servlet.DispatcherServlet        : Completed 200 OK
2026-07-13T13:53:00.857+07:00 DEBUG 24988 --- [clinic-management-backend] [nio-8080-exec-4] org.hibernate.SQL                        : 
    select
        u1_0.user_id,
        u1_0.auth_provider,
        u1_0.avatar_url,
        u1_0.created_at,
        u1_0.email,
        u1_0.full_name,
        u1_0.password_hash,
        u1_0.phone,
        u1_0.provider_id,
        u1_0.status,
        u1_0.updated_at 
    from
        users u1_0 
    where
        u1_0.email=?
2026-07-13T13:53:00.860+07:00 DEBUG 24988 --- [clinic-management-backend] [nio-8080-exec-4] org.hibernate.SQL                        : 
    select
        r1_0.user_id,
        r1_1.role_id,
        r1_1.description,
        r1_1.role_name 
    from
        user_roles r1_0 
    join
        roles r1_1 
            on r1_1.role_id=r1_0.role_id 
    where
        r1_0.user_id=?
2026-07-13T13:53:00.863+07:00 DEBUG 24988 --- [clinic-management-backend] [nio-8080-exec-4] o.s.web.servlet.DispatcherServlet        : GET "/api/notifications?page=0&size=5", parameters={masked}
2026-07-13T13:53:00.864+07:00 DEBUG 24988 --- [clinic-management-backend] [nio-8080-exec-4] s.w.s.m.m.a.RequestMappingHandlerMapping : Mapped to com.clinicmanagement.notification.NotificationController#getMyNotifications(int, int, CustomUserDetails)
2026-07-13T13:53:00.867+07:00 DEBUG 24988 --- [clinic-management-backend] [nio-8080-exec-4] org.hibernate.SQL                        : 
    select
        n1_0.notification_id,
        n1_0.created_at,
        n1_0.is_read,
        n1_0.message,
        n1_0.title,
        n1_0.type,
        n1_0.user_id 
    from
        notifications n1_0 
    left join
        users u1_0 
            on u1_0.user_id=n1_0.user_id 
    where
        u1_0.user_id=? 
    order by
        n1_0.created_at desc,
        n1_0.created_at desc 
    fetch
        first ? rows only
2026-07-13T13:53:00.870+07:00 DEBUG 24988 --- [clinic-management-backend] [nio-8080-exec-4] o.s.w.s.m.m.a.HttpEntityMethodProcessor  : Using 'application/json', given [application/json, text/plain, */*] and supported [application/json, application/*+json]
2026-07-13T13:53:00.870+07:00 DEBUG 24988 --- [clinic-management-backend] [nio-8080-exec-4] o.s.w.s.m.m.a.HttpEntityMethodProcessor  : Writing [ApiResponse[success=true, message=Success, data=PageResponse[content=[], page=0, size=5, totalElemen (truncated)...]
2026-07-13T13:53:00.872+07:00 DEBUG 24988 --- [clinic-management-backend] [nio-8080-exec-4] o.s.web.servlet.DispatcherServlet        : Completed 200 OK
[INFO] ------------------------------------------------------------------------
[INFO] BUILD FAILURE
[INFO] ------------------------------------------------------------------------
[INFO] Total time:  03:07 min
[INFO] Finished at: 2026-07-13T13:53:08+07:00
[INFO] ------------------------------------------------------------------------
[ERROR] Failed to execute goal org.springframework.boot:spring-boot-maven-plugin:3.5.6:run (default-cli) on project backend: Process terminated with exit code: -1 -> [Help 1]
[ERROR] 
[ERROR] To see the full stack trace of the errors, re-run Maven with the -e switch.
[ERROR] Re-run Maven using the -X switch to enable full debug logging.
[ERROR] 
[ERROR] For more information about the errors and possible solutions, please read the following articles:
[ERROR] [Help 1] http://cwiki.apache.org/confluence/display/MAVEN/MojoExecutionException
